customer_id,customer_name,gender,age,city,signup_date,acquisition_channel
10001,Priya Joshi,Male,19,Delhi,2025-10-08,Google
10002,Aditya Singh,Female,23,Bangalore,2024-10-12,Referral
10003,Ishaan Das,Male,55,Hyderabad,2024-09-05,Facebook
10004,Nandini Agarwal,Male,25,Delhi,2025-03-17,Instagram
10005,Varun Mishra,Male,60,Jaipur,2024-04-10,Google
10006,Pooja Chopra,Male,34,Gurgaon,2025-07-03,Instagram
10007,Varun Kapoor,Female,48,Gurgaon,2024-03-18,Instagram
10008,Diya Das,Male,22,Pune,2025-07-07,Email
10009,Aditya Joshi,Male,45,Bangalore,2024-08-06,Email
10010,Tanya Singh,Male,43,Delhi,2025-02-03,Google
10011,Nandini Mishra,Female,46,Pune,2025-07-23,Referral
10012,Aanya Mehta,Male,37,Gurgaon,2024-02-29,Referral
10013,Priya Singh,Female,22,Delhi,2025-05-03,Referral
10014,Diya Patel,Male,22,Jaipur,2024-03-23,Email
10015,Aditya Chandra,Male,34,Mumbai,2025-08-06,Google
10016,Neha Singh,Male,45,Pune,2025-08-01,Referral
10017,Shreya Nair,Male,39,Gurgaon,2025-02-09,Google
10018,Meera Rao,Female,39,Noida,2024-03-15,Google
10019,Neha Sethi,Male,23,Bangalore,2025-06-02,Google
10020,Shreya Bhatia,Male,34,Mumbai,2024-06-10,Instagram
10021,Priya Rao,Male,54,Mumbai,2025-11-10,Google
10022,Tanya Mehta,Female,26,Noida,2025-07-20,Google
10023,Ankit Chandra,Male,40,Gurgaon,2025-10-11,Email
10024,Ananya Khan,Female,22,Delhi,2025-03-09,Email
10025,Vivaan Sharma,Female,27,Pune,2024-09-25,Google
10026,Manav Das,Female,54,Delhi,2024-03-18,Email
10027,Kavya Mehta,Male,42,Hyderabad,2024-05-31,Instagram
10028,Vivaan Rao,Female,21,Noida,2024-08-03,Facebook
10029,Riya Verma,Female,54,Noida,2025-02-20,Email
10030,Pooja Mehta,Male,29,Jaipur,2024-06-30,Email
10031,Aarav Kapoor,Female,45,Kolkata,2024-09-11,Google
10032,Nandini Verma,Female,21,Kolkata,2024-08-15,Google
10033,Shreya Mishra,Female,38,Kolkata,2024-08-21,Google
10034,Riya Malhotra,Female,40,Gurgaon,2024-03-12,Email
10035,Rahul Bhatia,Female,53,Mumbai,2024-01-29,Google
10036,Rahul Kapoor,Female,21,Delhi,2025-03-20,Instagram
10037,Nandini Chopra,Female,57,Jaipur,2024-04-28,Instagram
10038,Isha Malhotra,Female,21,Pune,2024-01-02,Referral
10039,Nandini Das,Male,42,Bangalore,2025-11-11,Email
10040,Neha Chopra,Male,38,Bangalore,2025-11-13,Instagram
10041,Nikhil Rao,Male,31,Bangalore,2025-01-23,Referral
10042,Tanya Kapoor,Female,44,Hyderabad,2024-01-01,Instagram
10043,Ishaan Agarwal,Female,48,Bangalore,2025-11-22,Google
10044,Aanya Kapoor,Male,37,Bangalore,2025-10-10,Referral
10045,Aditya Joshi,Female,33,Kolkata,2024-05-30,Google
10046,Kunal Khan,Male,48,Bangalore,2025-10-06,Referral
10047,Kavya Saxena,Female,44,Gurgaon,2025-11-02,Facebook
10048,Tanya Verma,Female,33,Delhi,2025-06-14,Instagram
10049,Priya Joshi,Male,48,Delhi,2025-04-20,Referral
10050,Priya Chandra,Female,47,Hyderabad,2025-05-31,Instagram
10051,Shreya Das,Female,29,Chennai,2025-05-01,Instagram
10052,Simran Joshi,Female,52,Bangalore,2024-09-01,Google
10053,Aditya Rao,Male,36,Mumbai,2025-07-07,Google
10054,Rohan Joshi,Female,28,Pune,2024-03-06,Instagram
10055,Neeraj Das,Female,45,Delhi,2025-03-06,Instagram
10056,Simran Sethi,Male,55,Mumbai,2024-01-07,Email
10057,Ankit Saxena,Female,53,Chennai,2025-07-13,Facebook
10058,Tanya Joshi,Female,33,Gurgaon,2025-05-12,Google
10059,Neeraj Saxena,Male,48,Noida,2025-09-29,Referral
10060,Shreya Saxena,Male,24,Pune,2024-05-18,Email
10061,Kabir Singh,Female,43,Mumbai,2025-04-10,Instagram
10062,Simran Saxena,Female,45,Gurgaon,2024-03-24,Instagram
10063,Pooja Das,Male,41,Gurgaon,2024-03-11,Facebook
10064,Meera Singh,Male,34,Gurgaon,2024-01-21,Referral
10065,Kunal Mehta,Female,26,Hyderabad,2024-08-11,Instagram
10066,Rahul Bhatia,Male,57,Hyderabad,2024-04-27,Facebook
10067,Kabir Rao,Male,56,Delhi,2024-11-15,Referral
10068,Shreya Saxena,Female,31,Delhi,2025-10-04,Google
10069,Kavya Rao,Male,55,Chennai,2024-12-21,Referral
10070,Riya Bhatia,Male,51,Pune,2024-01-13,Email
10071,Sneha Khan,Male,46,Jaipur,2025-10-12,Email
10072,Manav Mehta,Female,30,Chennai,2025-10-28,Google
10073,Nandini Das,Female,48,Bangalore,2025-08-29,Google
10074,Diya Joshi,Male,36,Noida,2024-09-06,Facebook
10075,Isha Chandra,Female,40,Delhi,2024-11-28,Google
10076,Ishaan Bhatia,Female,40,Gurgaon,2025-09-02,Facebook
10077,Rahul Das,Male,52,Jaipur,2024-03-28,Google
10078,Varun Khan,Male,49,Pune,2025-05-17,Instagram
10079,Aarav Gupta,Female,33,Mumbai,2024-09-06,Instagram
10080,Isha Bhatia,Female,54,Bangalore,2025-03-11,Email
10081,Priya Chopra,Female,48,Gurgaon,2024-09-14,Google
10082,Pooja Malhotra,Female,26,Chennai,2024-07-08,Google
10083,Pooja Khan,Female,56,Jaipur,2025-06-21,Referral
10084,Arjun Malhotra,Female,33,Mumbai,2024-11-05,Google
10085,Priya Mehta,Female,21,Jaipur,2025-07-20,Instagram
10086,Rohan Khan,Male,19,Hyderabad,2025-04-25,Instagram
10087,Neeraj Kapoor,Male,35,Jaipur,2025-05-04,Google
10088,Aditya Saxena,Female,23,Hyderabad,2024-02-24,Google
10089,Nandini Sethi,Female,24,Jaipur,2024-05-01,Referral
10090,Varun Chandra,Male,52,Mumbai,2025-03-29,Instagram
10091,Isha Agarwal,Female,55,Hyderabad,2025-09-16,Email
10092,Arjun Malhotra,Male,35,Pune,2024-06-09,Google
10093,Priya Gupta,Male,19,Mumbai,2025-08-31,Instagram
10094,Vivaan Joshi,Female,37,Pune,2025-04-09,Google
10095,Kunal Nair,Male,46,Delhi,2024-08-18,Referral
10096,Shreya Nair,Male,23,Delhi,2024-11-10,Referral
10097,Sneha Sethi,Female,47,Delhi,2024-11-07,Facebook
10098,Rahul Patel,Female,47,Delhi,2024-02-10,Email
10099,Pooja Chopra,Female,20,Delhi,2025-11-21,Email
10100,Isha Sethi,Male,36,Hyderabad,2024-06-28,Instagram
10101,Meera Mishra,Female,30,Jaipur,2025-03-22,Referral
10102,Aanya Gupta,Female,41,Mumbai,2024-11-24,Referral
10103,Diya Kapoor,Female,45,Pune,2024-10-22,Referral
10104,Nikhil Das,Male,48,Delhi,2024-09-15,Instagram
10105,Simran Saxena,Male,53,Bangalore,2024-02-25,Google
10106,Sahil Chandra,Female,59,Bangalore,2024-02-22,Google
10107,Priya Mehta,Female,47,Noida,2025-05-11,Google
10108,Meera Chandra,Male,29,Mumbai,2024-01-15,Referral
10109,Aditya Joshi,Male,48,Jaipur,2025-10-25,Email
10110,Aanya Rao,Female,45,Kolkata,2025-04-28,Google
10111,Priya Mehta,Female,31,Noida,2025-06-04,Facebook
10112,Rohan Gupta,Female,45,Mumbai,2025-06-03,Google
10113,Aarav Rao,Female,56,Hyderabad,2025-11-06,Referral
10114,Rohan Mishra,Female,41,Mumbai,2025-07-10,Instagram
10115,Shreya Chopra,Male,34,Hyderabad,2024-08-27,Email
10116,Varun Singh,Female,49,Pune,2025-01-25,Instagram
10117,Riya Mehta,Female,21,Delhi,2025-08-27,Instagram
10118,Arjun Mishra,Male,52,Noida,2024-01-16,Facebook
10119,Varun Mehta,Male,49,Chennai,2024-09-28,Instagram
10120,Kavya Saxena,Male,40,Kolkata,2025-06-30,Instagram
10121,Neeraj Khan,Male,58,Delhi,2025-10-08,Facebook
10122,Ankit Joshi,Male,46,Jaipur,2025-10-10,Facebook
10123,Arjun Mishra,Male,38,Noida,2024-02-17,Instagram
10124,Vivaan Rao,Female,42,Bangalore,2024-09-07,Referral
10125,Isha Kapoor,Male,30,Delhi,2025-01-26,Referral
10126,Kunal Khan,Male,33,Bangalore,2024-09-17,Instagram
10127,Riya Sharma,Female,37,Pune,2024-06-10,Google
10128,Sahil Sethi,Female,59,Jaipur,2024-09-13,Instagram
10129,Ankit Malhotra,Female,49,Delhi,2025-01-25,Referral
10130,Isha Rao,Female,20,Jaipur,2025-11-05,Instagram
10131,Aarav Sethi,Male,57,Chennai,2024-10-20,Facebook
10132,Kunal Chandra,Female,33,Pune,2025-09-27,Google
10133,Simran Mehta,Male,59,Pune,2024-11-12,Facebook
10134,Vivaan Sethi,Female,27,Delhi,2024-10-29,Instagram
10135,Varun Kapoor,Male,27,Chennai,2025-01-09,Referral
10136,Shreya Nair,Male,35,Noida,2025-05-08,Email
10137,Ankit Chopra,Male,48,Jaipur,2024-05-24,Facebook
10138,Kunal Saxena,Female,24,Kolkata,2024-01-15,Google
10139,Arjun Mishra,Female,35,Hyderabad,2025-10-15,Email
10140,Arjun Joshi,Female,20,Hyderabad,2025-07-28,Instagram
10141,Neha Joshi,Male,59,Kolkata,2024-11-05,Referral
10142,Arjun Mehta,Male,21,Mumbai,2025-05-19,Google
10143,Kunal Das,Male,43,Bangalore,2025-11-17,Email
10144,Kavya Das,Female,56,Chennai,2024-06-07,Email
10145,Meera Verma,Female,58,Mumbai,2024-10-13,Google
10146,Sahil Malhotra,Female,47,Jaipur,2025-01-06,Google
10147,Riya Bhatia,Female,22,Mumbai,2024-07-13,Email
10148,Diya Mishra,Male,32,Pune,2025-09-03,Email
10149,Vivaan Chopra,Male,27,Chennai,2024-07-29,Google
10150,Simran Das,Male,56,Gurgaon,2024-08-26,Instagram
10151,Rohan Chandra,Male,36,Kolkata,2024-05-28,Email
10152,Priya Nair,Male,26,Pune,2024-01-27,Google
10153,Sahil Joshi,Female,20,Delhi,2024-02-23,Google
10154,Varun Patel,Male,23,Bangalore,2025-01-05,Referral
10155,Arjun Mishra,Male,58,Delhi,2025-11-05,Referral
10156,Manav Sharma,Male,49,Kolkata,2025-03-12,Facebook
10157,Aanya Mishra,Male,24,Mumbai,2024-05-31,Google
10158,Rahul Chandra,Female,43,Jaipur,2025-06-27,Instagram
10159,Ananya Chandra,Female,25,Kolkata,2024-04-27,Email
10160,Meera Das,Male,46,Bangalore,2024-08-21,Instagram
10161,Sneha Mishra,Female,45,Chennai,2024-11-16,Instagram
10162,Riya Nair,Female,28,Pune,2025-04-30,Google
10163,Sneha Gupta,Male,46,Delhi,2025-01-16,Facebook
10164,Priya Singh,Female,26,Bangalore,2025-11-12,Email
10165,Varun Singh,Female,57,Mumbai,2024-04-16,Referral
10166,Ishaan Mehta,Female,33,Kolkata,2024-12-24,Email
10167,Sahil Verma,Female,55,Gurgaon,2025-03-15,Email
10168,Simran Chandra,Male,57,Noida,2024-09-30,Google
10169,Rahul Rao,Female,41,Delhi,2024-05-26,Referral
10170,Nikhil Gupta,Male,59,Jaipur,2024-04-03,Facebook
10171,Ishaan Saxena,Female,48,Mumbai,2025-01-13,Instagram
10172,Neeraj Sethi,Male,22,Delhi,2025-09-24,Google
10173,Aditya Nair,Female,46,Bangalore,2025-03-28,Instagram
10174,Ishaan Patel,Male,41,Bangalore,2024-10-17,Referral
10175,Isha Khan,Female,21,Gurgaon,2025-09-05,Google
10176,Ishaan Rao,Male,27,Chennai,2024-10-23,Instagram
10177,Aarav Khan,Female,30,Delhi,2025-06-29,Facebook
10178,Ananya Das,Female,23,Mumbai,2024-02-13,Instagram
10179,Manav Gupta,Female,55,Bangalore,2025-02-18,Facebook
10180,Varun Rao,Male,44,Delhi,2024-11-28,Google
10181,Neha Mishra,Female,24,Bangalore,2024-04-18,Google
10182,Isha Saxena,Male,44,Noida,2024-12-13,Google
10183,Simran Kapoor,Male,51,Pune,2025-06-27,Referral
10184,Tanya Bhatia,Female,60,Kolkata,2024-08-29,Google
10185,Rahul Malhotra,Male,57,Delhi,2025-11-02,Google
10186,Simran Khan,Female,55,Chennai,2025-04-04,Facebook
10187,Tanya Sethi,Female,59,Mumbai,2025-03-26,Google
10188,Manav Rao,Female,56,Delhi,2025-06-03,Google
10189,Manav Mishra,Male,22,Mumbai,2024-10-20,Google
10190,Diya Gupta,Female,48,Hyderabad,2024-02-12,Instagram
10191,Nandini Sethi,Male,39,Hyderabad,2025-05-28,Google
10192,Vivaan Mishra,Male,40,Jaipur,2024-03-27,Referral
10193,Kabir Singh,Male,47,Jaipur,2025-06-20,Referral
10194,Kabir Bhatia,Female,37,Mumbai,2024-12-12,Referral
10195,Vivaan Chopra,Male,40,Delhi,2025-11-25,Instagram
10196,Rahul Chandra,Male,40,Delhi,2025-11-10,Google
10197,Sahil Rao,Female,27,Hyderabad,2024-03-27,Instagram
10198,Nikhil Chopra,Male,52,Delhi,2025-11-17,Instagram
10199,Sahil Sharma,Female,38,Gurgaon,2024-08-07,Instagram
10200,Simran Khan,Male,33,Jaipur,2024-06-07,Google
10201,Diya Verma,Male,40,Noida,2025-09-24,Google
10202,Nikhil Mehta,Male,30,Kolkata,2025-10-01,Facebook
10203,Kabir Mishra,Male,45,Mumbai,2024-08-31,Email
10204,Neha Rao,Female,33,Bangalore,2024-11-12,Email
10205,Nandini Khan,Male,42,Pune,2025-08-07,Email
10206,Manav Rao,Female,51,Bangalore,2024-06-14,Facebook
10207,Nandini Chandra,Male,35,Delhi,2025-05-07,Email
10208,Priya Verma,Male,37,Delhi,2024-06-13,Google
10209,Tanya Patel,Male,46,Delhi,2024-08-15,Facebook
10210,Tanya Bhatia,Male,45,Delhi,2025-05-29,Instagram
10211,Nikhil Gupta,Female,33,Delhi,2024-04-11,Email
10212,Meera Chopra,Male,27,Delhi,2025-04-28,Facebook
10213,Rohan Khan,Female,58,Delhi,2024-03-22,Google
10214,Ishaan Mehta,Female,26,Chennai,2024-08-31,Instagram
10215,Vivaan Joshi,Female,59,Kolkata,2025-04-13,Google
10216,Sneha Khan,Male,59,Bangalore,2024-09-04,Facebook
10217,Ankit Agarwal,Male,58,Mumbai,2025-08-07,Instagram
10218,Riya Gupta,Female,23,Jaipur,2025-07-11,Referral
10219,Ananya Das,Male,43,Noida,2024-02-14,Referral
10220,Sahil Nair,Male,41,Chennai,2024-12-19,Google
10221,Riya Verma,Female,27,Delhi,2025-07-13,Instagram
10222,Meera Kapoor,Female,49,Pune,2024-05-18,Google
10223,Simran Mishra,Male,37,Gurgaon,2024-07-23,Email
10224,Neeraj Rao,Female,53,Bangalore,2024-02-07,Facebook
10225,Ishaan Rao,Female,22,Noida,2024-12-05,Google
10226,Nandini Bhatia,Female,44,Chennai,2025-01-30,Instagram
10227,Kabir Khan,Female,42,Noida,2025-06-15,Google
10228,Aditya Agarwal,Male,46,Hyderabad,2024-07-03,Referral
10229,Neeraj Verma,Male,39,Pune,2024-11-09,Instagram
10230,Kavya Agarwal,Male,47,Mumbai,2024-02-13,Facebook
10231,Shreya Bhatia,Female,36,Pune,2024-02-28,Google
10232,Meera Saxena,Female,51,Kolkata,2025-11-26,Google
10233,Aarav Mehta,Female,21,Delhi,2024-08-29,Facebook
10234,Sahil Bhatia,Female,55,Delhi,2024-06-06,Referral
10235,Sahil Bhatia,Female,23,Hyderabad,2025-06-26,Instagram
10236,Neeraj Nair,Male,26,Delhi,2024-07-09,Referral
10237,Nikhil Das,Male,35,Chennai,2025-04-01,Google
10238,Neha Rao,Female,31,Delhi,2024-03-16,Instagram
10239,Tanya Mishra,Male,39,Pune,2024-03-07,Referral
10240,Ankit Rao,Male,59,Delhi,2025-01-05,Referral
10241,Arjun Malhotra,Male,34,Kolkata,2024-01-27,Instagram
10242,Isha Bhatia,Female,54,Delhi,2024-03-29,Google
10243,Nikhil Khan,Female,45,Kolkata,2024-03-16,Google
10244,Neeraj Gupta,Female,48,Pune,2024-12-18,Google
10245,Sneha Das,Male,27,Bangalore,2024-02-26,Email
10246,Ananya Mehta,Female,29,Delhi,2024-08-18,Instagram
10247,Ananya Rao,Male,35,Gurgaon,2025-07-18,Google
10248,Meera Rao,Male,51,Pune,2025-08-29,Email
10249,Rohan Kapoor,Female,55,Delhi,2024-01-30,Google
10250,Meera Sethi,Female,60,Gurgaon,2025-08-08,Instagram
10251,Meera Sharma,Female,59,Hyderabad,2025-10-19,Email
10252,Aanya Joshi,Female,38,Bangalore,2024-03-02,Google
10253,Varun Khan,Female,32,Mumbai,2024-05-27,Instagram
10254,Kavya Chopra,Female,44,Delhi,2025-01-14,Referral
10255,Arjun Chopra,Male,48,Delhi,2025-04-05,Google
10256,Arjun Singh,Female,43,Noida,2025-03-04,Google
10257,Diya Kapoor,Female,55,Chennai,2024-07-13,Facebook
10258,Aanya Patel,Female,50,Noida,2025-05-24,Google
10259,Nikhil Patel,Female,34,Gurgaon,2024-12-27,Google
10260,Ankit Khan,Female,37,Bangalore,2024-04-20,Instagram
10261,Tanya Nair,Female,44,Mumbai,2025-02-14,Google
10262,Priya Malhotra,Female,54,Mumbai,2025-01-30,Referral
10263,Simran Das,Female,58,Pune,2024-05-01,Google
10264,Arjun Saxena,Female,40,Hyderabad,2025-01-09,Facebook
10265,Ishaan Chandra,Female,51,Delhi,2024-02-09,Google
10266,Neeraj Khan,Female,28,Hyderabad,2025-06-11,Google
10267,Shreya Chandra,Female,29,Mumbai,2025-09-23,Facebook
10268,Ankit Sethi,Female,51,Kolkata,2025-06-29,Referral
10269,Isha Rao,Female,20,Mumbai,2025-11-20,Google
10270,Varun Sethi,Female,59,Delhi,2025-04-30,Google
10271,Meera Sethi,Male,22,Hyderabad,2024-06-23,Referral
10272,Pooja Chandra,Female,28,Kolkata,2024-09-05,Google
10273,Kavya Verma,Male,20,Bangalore,2025-03-04,Google
10274,Kavya Malhotra,Female,51,Chennai,2025-04-27,Email
10275,Pooja Singh,Male,52,Gurgaon,2024-11-28,Email
10276,Aanya Patel,Female,39,Jaipur,2025-04-15,Email
10277,Neeraj Das,Female,60,Kolkata,2024-09-27,Referral
10278,Ishaan Joshi,Female,54,Mumbai,2024-10-31,Facebook
10279,Kavya Malhotra,Female,39,Bangalore,2025-07-27,Email
10280,Nandini Nair,Female,26,Hyderabad,2025-07-10,Instagram
10281,Nikhil Bhatia,Male,37,Delhi,2024-03-21,Instagram
10282,Manav Nair,Female,32,Gurgaon,2025-07-05,Google
10283,Priya Nair,Male,25,Hyderabad,2025-08-23,Google
10284,Vivaan Patel,Male,59,Gurgaon,2024-04-12,Instagram
10285,Kavya Khan,Male,27,Delhi,2025-07-17,Email
10286,Kabir Agarwal,Female,49,Pune,2024-10-21,Instagram
10287,Meera Singh,Male,60,Hyderabad,2025-07-01,Facebook
10288,Diya Singh,Male,45,Noida,2024-06-29,Email
10289,Vivaan Saxena,Female,30,Jaipur,2024-10-23,Email
10290,Aarav Rao,Male,40,Mumbai,2025-10-18,Referral
10291,Aanya Mehta,Female,36,Gurgaon,2024-04-25,Instagram
10292,Pooja Mishra,Female,30,Delhi,2024-12-11,Facebook
10293,Isha Malhotra,Male,58,Kolkata,2025-02-19,Email
10294,Ananya Chopra,Male,44,Pune,2024-07-08,Email
10295,Aanya Chopra,Male,19,Gurgaon,2024-08-29,Instagram
10296,Rahul Chopra,Female,56,Chennai,2024-01-12,Google
10297,Sahil Joshi,Male,26,Bangalore,2024-06-12,Instagram
10298,Ananya Rao,Male,59,Noida,2024-10-29,Instagram
10299,Kunal Joshi,Male,49,Delhi,2025-09-12,Instagram
10300,Kavya Das,Female,53,Kolkata,2024-08-11,Facebook
10301,Riya Chandra,Male,52,Bangalore,2025-01-05,Google
10302,Isha Verma,Male,54,Noida,2024-07-26,Referral
10303,Rohan Kapoor,Female,52,Bangalore,2025-11-27,Google
10304,Isha Khan,Male,51,Bangalore,2024-02-26,Instagram
10305,Ananya Agarwal,Female,55,Delhi,2025-04-18,Referral
10306,Ankit Sharma,Female,35,Kolkata,2024-08-11,Referral
10307,Vivaan Agarwal,Female,23,Hyderabad,2024-03-02,Email
10308,Aditya Khan,Male,37,Mumbai,2024-05-18,Facebook
10309,Pooja Agarwal,Female,43,Bangalore,2025-01-21,Instagram
10310,Riya Das,Male,60,Noida,2024-05-01,Google
10311,Priya Saxena,Male,33,Kolkata,2024-01-24,Email
10312,Manav Das,Female,53,Mumbai,2024-08-23,Google
10313,Sahil Mehta,Female,31,Jaipur,2024-04-25,Google
10314,Riya Agarwal,Male,34,Gurgaon,2024-04-13,Referral
10315,Manav Chandra,Male,34,Chennai,2025-02-15,Instagram
10316,Priya Malhotra,Male,27,Bangalore,2024-10-23,Google
10317,Shreya Sethi,Female,55,Hyderabad,2025-11-19,Facebook
10318,Kunal Rao,Male,52,Gurgaon,2024-11-03,Google
10319,Priya Sethi,Male,59,Pune,2025-07-23,Referral
10320,Sahil Saxena,Female,45,Mumbai,2024-11-03,Instagram
10321,Simran Das,Female,34,Kolkata,2024-11-03,Email
10322,Rohan Mishra,Male,54,Bangalore,2025-03-02,Referral
10323,Rohan Saxena,Male,35,Gurgaon,2025-10-24,Google
10324,Manav Bhatia,Male,53,Chennai,2024-07-14,Google
10325,Nikhil Chandra,Male,23,Gurgaon,2025-08-24,Facebook
10326,Priya Malhotra,Female,32,Noida,2024-12-06,Instagram
10327,Shreya Sharma,Male,31,Jaipur,2024-04-30,Facebook
10328,Simran Khan,Male,57,Pune,2025-02-10,Email
10329,Priya Chopra,Female,43,Bangalore,2025-10-26,Instagram
10330,Rahul Bhatia,Female,48,Delhi,2025-04-25,Facebook
10331,Neeraj Malhotra,Female,39,Bangalore,2025-07-30,Email
10332,Pooja Mehta,Male,35,Hyderabad,2025-08-21,Referral
10333,Varun Rao,Male,31,Mumbai,2025-01-23,Referral
10334,Kunal Khan,Female,35,Chennai,2025-05-15,Email
10335,Meera Khan,Female,29,Chennai,2024-12-26,Google
10336,Pooja Das,Female,30,Noida,2025-07-09,Email
10337,Vivaan Patel,Male,23,Jaipur,2025-11-15,Google
10338,Aarav Agarwal,Male,59,Gurgaon,2024-06-03,Google
10339,Ananya Mishra,Female,22,Hyderabad,2025-11-13,Email
10340,Shreya Khan,Female,20,Delhi,2025-07-18,Instagram
10341,Aarav Patel,Female,53,Jaipur,2024-01-18,Referral
10342,Kavya Agarwal,Male,25,Noida,2025-06-20,Google
10343,Ishaan Chandra,Female,41,Gurgaon,2025-02-10,Google
10344,Nikhil Mishra,Male,33,Mumbai,2024-03-23,Referral
10345,Diya Singh,Male,44,Mumbai,2025-07-19,Instagram
10346,Meera Sharma,Male,24,Bangalore,2025-03-20,Referral
10347,Neeraj Sethi,Male,52,Noida,2024-08-23,Google
10348,Diya Sethi,Female,36,Delhi,2024-03-17,Facebook
10349,Rahul Das,Male,30,Noida,2024-11-18,Google
10350,Ishaan Sethi,Male,44,Noida,2024-11-02,Google
10351,Kunal Sethi,Female,53,Mumbai,2024-05-23,Facebook
10352,Kavya Gupta,Female,22,Delhi,2024-08-25,Email
10353,Neeraj Chandra,Female,39,Delhi,2024-10-06,Facebook
10354,Manav Khan,Male,41,Hyderabad,2025-01-19,Instagram
10355,Riya Sethi,Female,24,Chennai,2024-10-29,Facebook
10356,Kavya Gupta,Male,36,Delhi,2025-10-11,Google
10357,Nikhil Chopra,Female,25,Delhi,2024-11-11,Instagram
10358,Simran Nair,Male,27,Delhi,2025-03-17,Instagram
10359,Priya Patel,Female,25,Delhi,2024-12-28,Referral
10360,Neha Chandra,Female,43,Delhi,2025-02-27,Instagram
10361,Aditya Das,Male,55,Bangalore,2025-01-24,Google
10362,Rahul Rao,Female,50,Delhi,2024-06-20,Instagram
10363,Varun Rao,Female,23,Mumbai,2024-09-09,Facebook
10364,Aanya Chandra,Male,48,Delhi,2024-11-07,Google
10365,Nikhil Chopra,Female,40,Bangalore,2025-03-16,Facebook
10366,Diya Chandra,Male,38,Mumbai,2024-07-24,Instagram
10367,Kabir Saxena,Female,37,Chennai,2025-10-10,Referral
10368,Isha Joshi,Female,43,Mumbai,2025-02-06,Instagram
10369,Shreya Sethi,Male,56,Jaipur,2024-07-03,Facebook
10370,Priya Sharma,Female,32,Bangalore,2024-10-25,Email
10371,Aditya Agarwal,Female,27,Pune,2024-09-04,Google
10372,Rohan Agarwal,Female,23,Bangalore,2025-09-04,Instagram
10373,Nikhil Das,Female,53,Delhi,2025-01-03,Facebook
10374,Nandini Das,Male,25,Chennai,2025-11-04,Referral
10375,Kabir Chandra,Male,55,Jaipur,2025-11-24,Referral
10376,Simran Chopra,Female,25,Delhi,2024-09-21,Google
10377,Pooja Patel,Male,47,Mumbai,2025-04-19,Facebook
10378,Isha Patel,Male,41,Jaipur,2025-05-09,Google
10379,Varun Gupta,Male,28,Mumbai,2024-12-17,Instagram
10380,Ishaan Patel,Female,41,Bangalore,2025-03-24,Facebook
10381,Manav Chopra,Male,38,Delhi,2024-04-27,Google
10382,Neeraj Verma,Male,34,Bangalore,2025-07-19,Google
10383,Priya Agarwal,Female,33,Kolkata,2025-10-06,Google
10384,Meera Agarwal,Female,20,Chennai,2024-07-21,Instagram
10385,Varun Saxena,Male,32,Gurgaon,2024-03-05,Referral
10386,Nandini Das,Male,42,Mumbai,2025-04-13,Google
10387,Riya Khan,Female,57,Mumbai,2025-02-05,Referral
10388,Sahil Bhatia,Female,58,Delhi,2025-11-20,Facebook
10389,Ankit Chandra,Male,27,Mumbai,2024-09-01,Instagram
10390,Kabir Bhatia,Male,51,Mumbai,2025-09-02,Google
10391,Nikhil Agarwal,Male,50,Pune,2025-10-22,Email
10392,Kabir Das,Male,50,Mumbai,2024-07-10,Instagram
10393,Manav Chandra,Male,41,Jaipur,2025-05-11,Google
10394,Sneha Saxena,Female,45,Pune,2025-03-01,Facebook
10395,Manav Khan,Male,24,Hyderabad,2024-08-13,Instagram
10396,Rahul Joshi,Female,29,Chennai,2025-08-02,Facebook
10397,Simran Khan,Male,55,Delhi,2025-07-10,Email
10398,Sahil Das,Male,47,Hyderabad,2025-03-11,Google
10399,Sneha Joshi,Female,21,Bangalore,2024-12-22,Email
10400,Aditya Mishra,Male,34,Gurgaon,2025-08-25,Facebook
10401,Diya Chandra,Female,29,Hyderabad,2024-07-30,Facebook
10402,Nandini Singh,Female,53,Mumbai,2025-07-05,Google
10403,Kavya Rao,Female,55,Gurgaon,2025-06-10,Email
10404,Riya Verma,Male,45,Noida,2024-10-10,Email
10405,Rohan Mehta,Male,28,Chennai,2024-09-10,Facebook
10406,Riya Saxena,Female,28,Hyderabad,2024-10-02,Referral
10407,Nikhil Mishra,Male,59,Kolkata,2024-04-05,Instagram
10408,Pooja Nair,Female,48,Jaipur,2024-12-01,Referral
10409,Diya Gupta,Female,59,Pune,2025-01-01,Email
10410,Nandini Das,Female,32,Jaipur,2024-08-04,Referral
10411,Neeraj Rao,Female,54,Hyderabad,2025-08-02,Email
10412,Nandini Chopra,Male,21,Delhi,2025-04-15,Google
10413,Shreya Kapoor,Female,48,Delhi,2025-03-14,Google
10414,Kavya Mehta,Female,29,Noida,2024-10-07,Google
10415,Sahil Nair,Male,42,Pune,2025-10-26,Google
10416,Nikhil Rao,Male,46,Pune,2024-04-07,Google
10417,Aanya Gupta,Male,56,Gurgaon,2025-11-27,Instagram
10418,Aarav Chopra,Male,46,Pune,2025-05-04,Google
10419,Nikhil Gupta,Male,25,Mumbai,2024-11-02,Google
10420,Simran Mehta,Male,23,Bangalore,2024-01-09,Referral
10421,Kabir Mishra,Female,32,Hyderabad,2024-06-04,Email
10422,Neha Mishra,Male,24,Noida,2024-05-23,Facebook
10423,Isha Saxena,Female,46,Mumbai,2024-05-23,Google
10424,Meera Gupta,Male,54,Hyderabad,2025-09-14,Instagram
10425,Kavya Sharma,Female,32,Bangalore,2025-06-05,Google
10426,Nikhil Rao,Male,34,Bangalore,2024-04-25,Google
10427,Meera Chandra,Male,52,Noida,2024-01-13,Email
10428,Shreya Chopra,Male,43,Noida,2025-08-05,Instagram
10429,Priya Kapoor,Female,23,Delhi,2024-03-10,Google
10430,Ishaan Singh,Male,44,Bangalore,2025-10-05,Facebook
10431,Simran Agarwal,Female,44,Delhi,2025-07-03,Referral
10432,Rohan Nair,Male,38,Delhi,2024-07-27,Email
10433,Rohan Das,Female,44,Hyderabad,2025-10-27,Facebook
10434,Aditya Rao,Female,34,Delhi,2024-03-29,Email
10435,Arjun Mishra,Male,38,Pune,2025-11-04,Facebook
10436,Arjun Sharma,Male,19,Delhi,2024-12-21,Referral
10437,Nandini Nair,Male,42,Delhi,2024-10-02,Facebook
10438,Arjun Sharma,Female,46,Gurgaon,2024-03-06,Google
10439,Isha Gupta,Female,48,Bangalore,2024-02-26,Referral
10440,Isha Kapoor,Female,29,Gurgaon,2024-04-15,Email
10441,Riya Verma,Male,51,Delhi,2024-01-13,Google
10442,Aanya Bhatia,Female,28,Delhi,2024-02-06,Referral
10443,Shreya Agarwal,Male,39,Gurgaon,2024-11-23,Google
10444,Aditya Sethi,Female,26,Bangalore,2024-02-23,Google
10445,Nandini Patel,Male,44,Delhi,2025-04-21,Email
10446,Simran Rao,Female,24,Hyderabad,2024-01-09,Instagram
10447,Ankit Sethi,Female,58,Gurgaon,2025-01-12,Referral
10448,Aanya Malhotra,Male,28,Delhi,2025-02-23,Google
10449,Priya Bhatia,Male,40,Delhi,2025-11-04,Instagram
10450,Pooja Rao,Male,32,Bangalore,2024-08-31,Instagram
10451,Vivaan Mehta,Female,24,Delhi,2024-08-25,Email
10452,Ananya Agarwal,Female,48,Jaipur,2024-03-27,Referral
10453,Ananya Mehta,Female,23,Hyderabad,2024-03-04,Instagram
10454,Rohan Joshi,Female,35,Kolkata,2025-02-06,Facebook
10455,Pooja Chopra,Female,47,Gurgaon,2024-03-17,Email
10456,Rohan Sethi,Male,28,Delhi,2025-04-05,Instagram
10457,Varun Verma,Female,32,Bangalore,2025-04-19,Google
10458,Arjun Gupta,Male,38,Kolkata,2025-09-09,Google
10459,Sneha Chopra,Male,24,Chennai,2024-12-30,Instagram
10460,Vivaan Rao,Female,30,Delhi,2025-02-18,Email
10461,Priya Das,Male,25,Bangalore,2024-05-23,Google
10462,Vivaan Joshi,Male,31,Kolkata,2025-01-16,Facebook
10463,Meera Gupta,Female,23,Delhi,2024-03-07,Google
10464,Meera Mishra,Male,24,Noida,2024-12-05,Google
10465,Manav Singh,Male,55,Bangalore,2025-02-08,Referral
10466,Nikhil Agarwal,Male,41,Gurgaon,2024-07-10,Google
10467,Manav Mehta,Male,58,Hyderabad,2024-09-08,Referral
10468,Aanya Agarwal,Female,22,Delhi,2025-01-27,Google
10469,Ishaan Patel,Male,59,Jaipur,2025-07-10,Facebook
10470,Nikhil Bhatia,Female,53,Chennai,2024-12-18,Email
10471,Ananya Chopra,Female,36,Delhi,2024-11-22,Referral
10472,Aarav Nair,Male,49,Bangalore,2025-08-21,Email
10473,Kabir Verma,Male,34,Gurgaon,2024-02-27,Facebook
10474,Kunal Sethi,Female,41,Jaipur,2024-06-26,Google
10475,Isha Chopra,Female,56,Delhi,2024-12-26,Email
10476,Isha Mehta,Male,50,Hyderabad,2024-06-28,Referral
10477,Aditya Singh,Male,57,Gurgaon,2025-06-23,Instagram
10478,Neeraj Chandra,Male,27,Mumbai,2024-06-30,Email
10479,Diya Chopra,Male,20,Delhi,2024-05-25,Facebook
10480,Diya Patel,Female,23,Mumbai,2025-11-09,Instagram
10481,Arjun Chopra,Female,39,Delhi,2024-06-10,Facebook
10482,Varun Khan,Female,30,Pune,2025-07-29,Facebook
10483,Shreya Chandra,Female,33,Pune,2024-06-28,Instagram
10484,Pooja Rao,Male,30,Chennai,2025-08-09,Instagram
10485,Simran Sethi,Male,30,Hyderabad,2025-09-18,Google
10486,Isha Verma,Female,28,Mumbai,2024-03-20,Google
10487,Neeraj Kapoor,Male,59,Chennai,2024-12-09,Instagram
10488,Rahul Malhotra,Male,23,Mumbai,2024-04-20,Facebook
10489,Vivaan Saxena,Female,45,Jaipur,2025-02-27,Referral
10490,Nikhil Bhatia,Female,25,Kolkata,2025-08-14,Referral
10491,Riya Joshi,Male,47,Delhi,2024-02-04,Instagram
10492,Neeraj Nair,Male,23,Mumbai,2025-01-19,Google
10493,Aditya Das,Male,40,Hyderabad,2025-09-20,Email
10494,Kavya Sharma,Female,60,Delhi,2025-03-20,Google
10495,Arjun Chopra,Male,31,Mumbai,2025-07-21,Facebook
10496,Pooja Das,Female,37,Mumbai,2024-04-08,Google
10497,Isha Das,Female,28,Delhi,2024-01-04,Instagram
10498,Ankit Chandra,Female,31,Delhi,2024-07-30,Google
10499,Ankit Gupta,Female,26,Mumbai,2025-02-11,Instagram
10500,Tanya Nair,Male,60,Hyderabad,2024-07-08,Instagram
10501,Nikhil Bhatia,Male,47,Delhi,2025-03-26,Instagram
10502,Kunal Nair,Male,28,Chennai,2025-11-14,Google
10503,Riya Bhatia,Female,56,Gurgaon,2024-03-03,Email
10504,Sneha Patel,Female,53,Pune,2025-05-01,Referral
10505,Kunal Khan,Female,24,Mumbai,2024-02-05,Referral
10506,Tanya Patel,Male,26,Jaipur,2025-04-04,Google
10507,Kabir Malhotra,Male,27,Delhi,2024-03-21,Email
10508,Varun Malhotra,Male,57,Gurgaon,2024-03-09,Google
10509,Priya Saxena,Female,36,Bangalore,2024-01-13,Facebook
10510,Neha Sethi,Female,26,Bangalore,2024-05-31,Referral
10511,Isha Verma,Male,55,Chennai,2024-10-19,Email
10512,Tanya Bhatia,Female,35,Mumbai,2025-05-12,Referral
10513,Aanya Singh,Male,36,Mumbai,2025-09-25,Referral
10514,Kavya Saxena,Male,44,Noida,2024-12-05,Facebook
10515,Vivaan Khan,Female,42,Delhi,2024-11-06,Instagram
10516,Sneha Khan,Male,33,Delhi,2025-03-29,Facebook
10517,Neeraj Nair,Female,57,Pune,2024-07-11,Instagram
10518,Shreya Agarwal,Female,52,Noida,2024-02-27,Referral
10519,Kabir Gupta,Female,51,Mumbai,2025-06-20,Email
10520,Aarav Kapoor,Male,31,Kolkata,2024-09-12,Google
10521,Vivaan Bhatia,Male,36,Mumbai,2025-04-20,Referral
10522,Meera Verma,Male,34,Mumbai,2025-08-31,Instagram
10523,Diya Khan,Female,41,Delhi,2024-09-21,Facebook
10524,Kavya Gupta,Female,20,Mumbai,2024-06-15,Email
10525,Simran Malhotra,Male,60,Gurgaon,2024-07-30,Google
10526,Varun Patel,Male,19,Bangalore,2024-05-15,Referral
10527,Neha Sharma,Male,35,Hyderabad,2024-11-08,Facebook
10528,Kavya Nair,Female,43,Kolkata,2025-04-15,Google
10529,Manav Rao,Female,56,Delhi,2025-06-07,Email
10530,Sneha Bhatia,Female,38,Pune,2025-05-08,Google
10531,Rahul Chopra,Female,35,Pune,2025-10-29,Instagram
10532,Rohan Patel,Male,22,Kolkata,2025-09-06,Instagram
10533,Neeraj Mehta,Male,60,Bangalore,2024-10-29,Google
10534,Varun Saxena,Female,21,Hyderabad,2025-08-08,Facebook
10535,Neeraj Joshi,Female,41,Bangalore,2024-06-23,Email
10536,Tanya Das,Male,37,Delhi,2024-05-11,Facebook
10537,Pooja Das,Male,40,Pune,2024-08-15,Instagram
10538,Pooja Rao,Female,40,Mumbai,2025-08-22,Instagram
10539,Diya Verma,Female,22,Noida,2025-08-20,Referral
10540,Neha Gupta,Female,31,Bangalore,2025-11-28,Instagram
10541,Ankit Agarwal,Male,28,Delhi,2024-07-24,Instagram
10542,Isha Mishra,Male,39,Noida,2024-07-03,Facebook
10543,Aanya Chopra,Male,39,Pune,2024-01-05,Instagram
10544,Ishaan Kapoor,Male,50,Chennai,2024-03-31,Google
10545,Varun Agarwal,Female,46,Jaipur,2025-01-27,Google
10546,Priya Malhotra,Female,19,Noida,2025-06-27,Google
10547,Riya Sharma,Male,33,Pune,2024-12-18,Instagram
10548,Arjun Saxena,Female,29,Delhi,2024-02-16,Instagram
10549,Ankit Mishra,Female,46,Noida,2024-05-17,Instagram
10550,Tanya Khan,Female,31,Delhi,2025-02-17,Google
10551,Kunal Mehta,Male,20,Hyderabad,2024-06-22,Google
10552,Kavya Singh,Female,59,Gurgaon,2025-07-01,Referral
10553,Neha Singh,Male,60,Kolkata,2024-02-19,Facebook
10554,Varun Mishra,Female,26,Hyderabad,2025-04-30,Facebook
10555,Ishaan Sharma,Female,45,Pune,2025-11-09,Referral
10556,Neha Chandra,Male,45,Kolkata,2024-04-17,Referral
10557,Neha Verma,Female,26,Chennai,2025-05-24,Google
10558,Ishaan Nair,Male,41,Pune,2024-10-29,Google
10559,Priya Khan,Male,49,Mumbai,2024-01-03,Google
10560,Aditya Verma,Female,28,Jaipur,2025-06-07,Google
10561,Pooja Verma,Female,60,Gurgaon,2024-10-30,Google
10562,Vivaan Verma,Male,21,Kolkata,2025-01-03,Facebook
10563,Neeraj Agarwal,Male,25,Kolkata,2024-02-16,Google
10564,Rohan Kapoor,Female,41,Noida,2025-09-28,Google
10565,Pooja Gupta,Female,40,Gurgaon,2025-02-14,Instagram
10566,Manav Nair,Female,49,Kolkata,2025-10-26,Email
10567,Kabir Verma,Male,22,Jaipur,2024-06-12,Google
10568,Shreya Sethi,Female,55,Pune,2024-07-04,Referral
10569,Simran Bhatia,Male,27,Bangalore,2025-05-14,Google
10570,Varun Mishra,Male,23,Gurgaon,2024-11-17,Google
10571,Diya Patel,Male,40,Bangalore,2025-09-25,Google
10572,Riya Joshi,Female,41,Pune,2025-10-18,Instagram
10573,Sneha Das,Male,19,Pune,2024-06-09,Referral
10574,Aanya Khan,Male,23,Chennai,2024-11-24,Google
10575,Rahul Singh,Male,54,Pune,2025-02-16,Facebook
10576,Aditya Mishra,Female,55,Bangalore,2025-05-25,Instagram
10577,Arjun Khan,Male,25,Mumbai,2024-02-06,Referral
10578,Aarav Gupta,Female,51,Hyderabad,2025-11-01,Referral
10579,Neeraj Bhatia,Male,33,Kolkata,2024-12-05,Referral
10580,Neha Chandra,Female,42,Chennai,2024-04-26,Google
10581,Riya Joshi,Male,40,Mumbai,2025-10-10,Email
10582,Ankit Das,Female,25,Delhi,2024-06-17,Referral
10583,Sneha Agarwal,Male,35,Hyderabad,2024-07-11,Google
10584,Diya Saxena,Male,48,Kolkata,2024-07-14,Facebook
10585,Arjun Agarwal,Male,59,Kolkata,2025-08-25,Google
10586,Tanya Mishra,Female,56,Jaipur,2024-05-17,Email
10587,Aarav Patel,Male,54,Jaipur,2025-08-22,Referral
10588,Ananya Kapoor,Male,27,Delhi,2025-11-04,Referral
10589,Tanya Chopra,Female,45,Jaipur,2024-09-11,Google
10590,Neeraj Rao,Female,27,Delhi,2025-09-08,Facebook
10591,Pooja Patel,Female,54,Noida,2025-07-20,Referral
10592,Ishaan Malhotra,Female,41,Noida,2024-05-15,Email
10593,Meera Kapoor,Female,26,Chennai,2025-07-29,Referral
10594,Isha Agarwal,Female,46,Kolkata,2025-06-19,Google
10595,Nikhil Mehta,Male,22,Gurgaon,2024-06-13,Email
10596,Riya Nair,Male,22,Pune,2024-10-29,Google
10597,Priya Singh,Female,47,Delhi,2025-11-22,Facebook
10598,Diya Joshi,Female,34,Bangalore,2024-10-21,Facebook
10599,Vivaan Saxena,Female,45,Jaipur,2024-11-16,Email
10600,Vivaan Sharma,Female,31,Hyderabad,2025-03-29,Email
10601,Shreya Bhatia,Male,31,Mumbai,2024-06-30,Email
10602,Aditya Kapoor,Male,51,Delhi,2024-02-11,Instagram
10603,Priya Nair,Male,29,Hyderabad,2024-09-18,Google
10604,Manav Mehta,Male,28,Noida,2025-09-03,Google
10605,Shreya Chandra,Female,50,Chennai,2025-07-17,Instagram
10606,Nandini Chopra,Male,30,Bangalore,2025-06-01,Google
10607,Priya Das,Female,24,Mumbai,2024-08-06,Referral
10608,Neeraj Bhatia,Female,32,Jaipur,2025-09-25,Referral
10609,Priya Sharma,Male,41,Bangalore,2025-10-19,Referral
10610,Neha Joshi,Male,39,Mumbai,2024-04-26,Instagram
10611,Priya Rao,Male,52,Kolkata,2025-01-18,Referral
10612,Ananya Mishra,Female,21,Mumbai,2025-10-29,Google
10613,Ananya Gupta,Male,29,Jaipur,2025-07-04,Referral
10614,Meera Gupta,Male,59,Chennai,2025-03-10,Email
10615,Ishaan Das,Female,60,Kolkata,2024-03-14,Facebook
10616,Rohan Sharma,Female,40,Delhi,2024-03-16,Google
10617,Nandini Nair,Male,55,Kolkata,2024-09-21,Instagram
10618,Manav Saxena,Female,39,Delhi,2025-11-20,Google
10619,Aarav Chandra,Male,56,Delhi,2024-03-15,Instagram
10620,Ananya Verma,Female,38,Hyderabad,2024-10-15,Facebook
10621,Manav Saxena,Female,20,Bangalore,2025-06-30,Google
10622,Pooja Saxena,Female,59,Delhi,2025-11-24,Email
10623,Nandini Bhatia,Male,54,Noida,2024-05-24,Google
10624,Aarav Sethi,Female,53,Hyderabad,2024-03-28,Instagram
10625,Pooja Bhatia,Male,45,Noida,2025-06-08,Google
10626,Kabir Joshi,Female,31,Delhi,2025-11-18,Facebook
10627,Diya Singh,Female,60,Hyderabad,2024-10-24,Referral
10628,Rahul Verma,Male,56,Bangalore,2024-12-04,Instagram
10629,Riya Joshi,Male,37,Hyderabad,2024-07-17,Instagram
10630,Manav Chopra,Female,56,Delhi,2025-08-03,Instagram
10631,Neeraj Agarwal,Male,19,Mumbai,2024-08-14,Facebook
10632,Meera Agarwal,Female,42,Delhi,2024-12-05,Email
10633,Manav Mishra,Female,38,Bangalore,2024-04-21,Google
10634,Neha Gupta,Female,27,Noida,2024-07-20,Google
10635,Tanya Gupta,Male,20,Kolkata,2025-10-08,Google
10636,Isha Sethi,Female,56,Gurgaon,2024-02-07,Referral
10637,Priya Das,Female,60,Chennai,2025-01-09,Instagram
10638,Tanya Sethi,Female,27,Bangalore,2025-06-06,Google
10639,Sahil Patel,Male,34,Kolkata,2025-09-20,Facebook
10640,Simran Patel,Male,47,Delhi,2025-08-02,Email
10641,Riya Mehta,Female,41,Delhi,2025-05-14,Google
10642,Rahul Bhatia,Male,21,Pune,2025-06-14,Email
10643,Sahil Saxena,Female,48,Noida,2024-02-10,Email
10644,Neeraj Verma,Female,35,Hyderabad,2025-08-06,Google
10645,Meera Saxena,Female,56,Pune,2024-03-20,Referral
10646,Nikhil Joshi,Female,41,Kolkata,2024-12-19,Referral
10647,Aanya Chandra,Male,51,Noida,2025-03-26,Google
10648,Aditya Patel,Female,32,Delhi,2024-06-10,Instagram
10649,Kavya Verma,Male,45,Kolkata,2024-04-26,Referral
10650,Aanya Khan,Male,56,Delhi,2025-02-24,Google
10651,Vivaan Mehta,Male,27,Hyderabad,2024-02-10,Email
10652,Rohan Singh,Male,35,Noida,2025-06-13,Email
10653,Neha Sethi,Male,37,Jaipur,2024-08-09,Instagram
10654,Aanya Khan,Male,33,Kolkata,2025-09-07,Google
10655,Isha Kapoor,Female,29,Chennai,2024-12-16,Email
10656,Neha Sethi,Male,33,Mumbai,2024-05-15,Google
10657,Ishaan Patel,Female,28,Hyderabad,2024-06-30,Instagram
10658,Neha Chandra,Male,53,Bangalore,2024-04-30,Google
10659,Riya Mehta,Male,60,Bangalore,2025-03-06,Instagram
10660,Vivaan Patel,Female,33,Jaipur,2025-05-08,Facebook
10661,Nikhil Bhatia,Male,46,Delhi,2025-05-03,Facebook
10662,Shreya Gupta,Female,57,Noida,2025-02-22,Google
10663,Aarav Sharma,Male,52,Delhi,2025-11-01,Google
10664,Nandini Chopra,Female,42,Delhi,2025-03-12,Referral
10665,Rahul Nair,Female,55,Mumbai,2024-10-09,Email
10666,Nikhil Malhotra,Female,54,Chennai,2025-05-09,Google
10667,Priya Das,Female,35,Jaipur,2025-08-14,Instagram
10668,Kavya Saxena,Male,26,Chennai,2025-04-02,Facebook
10669,Kabir Verma,Male,51,Mumbai,2024-12-12,Facebook
10670,Neha Singh,Male,43,Jaipur,2024-01-06,Facebook
10671,Sneha Mehta,Female,57,Bangalore,2024-03-06,Google
10672,Sahil Gupta,Male,43,Jaipur,2025-02-14,Referral
10673,Ananya Rao,Male,30,Pune,2025-03-25,Google
10674,Diya Patel,Female,31,Delhi,2025-09-05,Referral
10675,Kavya Joshi,Male,21,Mumbai,2025-11-01,Google
10676,Kabir Gupta,Female,44,Mumbai,2025-02-08,Instagram
10677,Ishaan Patel,Male,23,Noida,2025-07-16,Instagram
10678,Sneha Das,Female,41,Jaipur,2024-10-10,Google
10679,Ishaan Mishra,Female,55,Delhi,2024-06-28,Instagram
10680,Arjun Das,Male,51,Mumbai,2024-04-29,Facebook
10681,Rahul Das,Female,47,Jaipur,2025-07-30,Referral
10682,Kunal Chopra,Female,48,Noida,2024-01-29,Referral
10683,Rahul Gupta,Female,59,Chennai,2024-08-13,Referral
10684,Kunal Chopra,Female,41,Bangalore,2024-01-10,Facebook
10685,Rahul Joshi,Female,24,Mumbai,2024-12-16,Google
10686,Shreya Kapoor,Female,39,Mumbai,2025-08-10,Google
10687,Pooja Malhotra,Female,31,Gurgaon,2024-09-04,Email
10688,Ishaan Joshi,Male,34,Kolkata,2024-12-30,Google
10689,Arjun Verma,Male,50,Hyderabad,2025-07-08,Email
10690,Diya Khan,Female,58,Mumbai,2025-08-11,Email
10691,Aanya Kapoor,Female,44,Gurgaon,2025-08-13,Google
10692,Ananya Agarwal,Female,53,Delhi,2024-12-21,Instagram
10693,Riya Kapoor,Female,26,Pune,2025-04-16,Instagram
10694,Aarav Sharma,Male,43,Hyderabad,2024-11-29,Instagram
10695,Diya Nair,Male,54,Gurgaon,2024-10-02,Instagram
10696,Neha Chopra,Female,30,Bangalore,2024-08-03,Instagram
10697,Simran Bhatia,Female,44,Gurgaon,2024-07-03,Referral
10698,Isha Joshi,Male,36,Kolkata,2025-07-22,Instagram
10699,Nikhil Malhotra,Male,28,Bangalore,2024-01-10,Google
10700,Aanya Mehta,Female,50,Mumbai,2025-07-29,Email
10701,Vivaan Saxena,Male,29,Delhi,2024-09-17,Instagram
10702,Meera Verma,Female,40,Gurgaon,2025-01-03,Referral
10703,Shreya Nair,Female,20,Bangalore,2024-12-25,Email
10704,Neha Malhotra,Male,37,Mumbai,2025-11-20,Referral
10705,Simran Mishra,Male,43,Hyderabad,2025-04-19,Referral
10706,Rohan Kapoor,Female,45,Pune,2025-08-08,Instagram
10707,Shreya Gupta,Male,29,Mumbai,2024-11-17,Instagram
10708,Ankit Nair,Female,36,Noida,2025-01-06,Facebook
10709,Ananya Mishra,Female,29,Gurgaon,2024-01-24,Google
10710,Kunal Nair,Male,32,Delhi,2024-04-15,Google
10711,Shreya Khan,Male,20,Chennai,2025-06-20,Facebook
10712,Aditya Verma,Female,58,Delhi,2025-11-01,Email
10713,Nikhil Rao,Male,34,Chennai,2025-03-29,Referral
10714,Rohan Patel,Male,20,Delhi,2024-12-31,Email
10715,Neeraj Khan,Female,53,Jaipur,2025-07-15,Instagram
10716,Kavya Das,Male,56,Hyderabad,2025-10-08,Facebook
10717,Tanya Sethi,Female,52,Pune,2025-06-30,Instagram
10718,Sahil Khan,Male,24,Bangalore,2025-01-09,Instagram
10719,Rohan Rao,Male,19,Bangalore,2024-05-19,Instagram
10720,Aanya Das,Male,50,Jaipur,2025-05-03,Instagram
10721,Simran Agarwal,Female,57,Gurgaon,2024-01-08,Referral
10722,Ishaan Agarwal,Female,44,Gurgaon,2025-10-23,Instagram
10723,Nikhil Joshi,Female,24,Bangalore,2024-09-02,Referral
10724,Nandini Chandra,Female,37,Pune,2025-06-28,Facebook
10725,Varun Malhotra,Male,30,Delhi,2024-04-23,Referral
10726,Neha Mishra,Female,58,Bangalore,2024-11-24,Google
10727,Vivaan Das,Male,30,Jaipur,2024-10-15,Google
10728,Kavya Mishra,Male,33,Delhi,2024-01-16,Referral
10729,Neeraj Agarwal,Female,50,Jaipur,2025-04-19,Facebook
10730,Vivaan Chopra,Male,28,Delhi,2025-02-05,Google
10731,Aanya Kapoor,Male,35,Kolkata,2024-01-13,Google
10732,Simran Joshi,Female,47,Gurgaon,2024-02-04,Google
10733,Pooja Verma,Male,49,Mumbai,2024-11-15,Email
10734,Kabir Singh,Male,35,Bangalore,2024-11-01,Google
10735,Tanya Singh,Male,26,Gurgaon,2025-03-20,Instagram
10736,Kabir Nair,Male,44,Chennai,2024-01-10,Email
10737,Isha Khan,Male,42,Chennai,2024-09-11,Google
10738,Aditya Chandra,Female,59,Delhi,2024-12-30,Referral
10739,Kavya Das,Male,27,Bangalore,2024-11-20,Email
10740,Nandini Bhatia,Female,31,Delhi,2025-01-21,Instagram
10741,Rohan Nair,Male,50,Pune,2025-07-26,Instagram
10742,Kavya Khan,Male,55,Gurgaon,2024-12-22,Instagram
10743,Manav Nair,Male,23,Bangalore,2025-04-05,Instagram
10744,Rahul Das,Female,48,Delhi,2025-10-15,Referral
10745,Pooja Kapoor,Male,58,Kolkata,2025-09-27,Google
10746,Pooja Gupta,Female,31,Bangalore,2025-05-24,Facebook
10747,Rohan Chandra,Female,39,Mumbai,2024-11-25,Google
10748,Ananya Gupta,Male,27,Delhi,2024-02-02,Google
10749,Aanya Malhotra,Male,21,Hyderabad,2025-02-01,Referral
10750,Ananya Chandra,Female,22,Mumbai,2025-09-12,Facebook
10751,Aarav Malhotra,Female,24,Bangalore,2025-10-16,Google
10752,Priya Agarwal,Female,22,Kolkata,2024-09-29,Referral
10753,Pooja Gupta,Female,23,Jaipur,2025-06-15,Google
10754,Pooja Joshi,Female,31,Gurgaon,2025-11-03,Google
10755,Meera Kapoor,Female,25,Chennai,2025-08-13,Instagram
10756,Manav Agarwal,Male,29,Kolkata,2025-07-17,Instagram
10757,Neeraj Kapoor,Female,41,Noida,2025-07-17,Email
10758,Neeraj Bhatia,Female,59,Bangalore,2024-11-27,Referral
10759,Isha Das,Male,43,Chennai,2024-09-17,Instagram
10760,Manav Mishra,Female,19,Chennai,2024-10-18,Referral
10761,Ananya Mehta,Female,19,Mumbai,2024-08-15,Google
10762,Neeraj Sharma,Female,54,Bangalore,2025-08-07,Email
10763,Rohan Verma,Male,48,Mumbai,2024-05-21,Google
10764,Tanya Sethi,Male,33,Gurgaon,2024-11-03,Google
10765,Nikhil Sethi,Male,23,Chennai,2025-05-09,Google
10766,Sneha Sethi,Male,57,Pune,2024-02-08,Facebook
10767,Isha Saxena,Male,22,Noida,2024-12-08,Instagram
10768,Sneha Agarwal,Female,26,Noida,2024-08-20,Facebook
10769,Diya Chandra,Male,59,Chennai,2025-01-26,Google
10770,Ananya Singh,Female,53,Hyderabad,2024-11-30,Referral
10771,Kunal Mehta,Male,44,Jaipur,2025-09-01,Referral
10772,Aditya Joshi,Female,37,Chennai,2024-05-31,Google
10773,Aditya Khan,Male,54,Mumbai,2024-03-28,Instagram
10774,Varun Mehta,Male,49,Hyderabad,2025-05-14,Instagram
10775,Isha Malhotra,Male,34,Delhi,2025-03-16,Instagram
10776,Shreya Sethi,Male,26,Pune,2025-03-09,Instagram
10777,Ishaan Chopra,Female,57,Pune,2024-11-08,Google
10778,Sahil Chandra,Female,58,Delhi,2024-02-15,Email
10779,Kunal Malhotra,Female,28,Chennai,2024-03-28,Google
10780,Vivaan Joshi,Male,37,Delhi,2024-04-23,Instagram
10781,Aanya Sharma,Female,32,Chennai,2024-08-04,Google
10782,Ananya Nair,Female,58,Chennai,2024-05-24,Facebook
10783,Riya Sharma,Female,56,Noida,2025-06-23,Google
10784,Kabir Singh,Female,31,Chennai,2025-09-24,Google
10785,Manav Sharma,Male,43,Pune,2025-11-09,Email
10786,Riya Bhatia,Male,20,Mumbai,2025-10-26,Instagram
10787,Nikhil Patel,Male,39,Bangalore,2025-09-03,Referral
10788,Kabir Malhotra,Female,54,Noida,2024-01-23,Google
10789,Shreya Patel,Female,40,Bangalore,2024-06-09,Google
10790,Riya Bhatia,Female,59,Mumbai,2025-05-28,Google
10791,Vivaan Nair,Female,20,Jaipur,2024-10-13,Google
10792,Neeraj Saxena,Male,24,Chennai,2025-06-17,Email
10793,Neha Joshi,Female,34,Hyderabad,2025-03-12,Email
10794,Shreya Chandra,Female,47,Hyderabad,2024-07-30,Referral
10795,Isha Das,Male,27,Mumbai,2025-06-20,Email
10796,Varun Mehta,Male,39,Delhi,2025-06-29,Email
10797,Arjun Kapoor,Female,28,Chennai,2024-11-22,Email
10798,Varun Agarwal,Female,47,Chennai,2025-10-14,Email
10799,Rahul Mehta,Male,25,Delhi,2024-01-27,Facebook
10800,Neha Chandra,Female,57,Hyderabad,2024-08-24,Referral
10801,Kunal Sharma,Female,24,Pune,2025-05-03,Google
10802,Diya Chandra,Female,60,Mumbai,2025-01-31,Referral
10803,Rohan Kapoor,Male,33,Delhi,2024-01-16,Email
10804,Varun Joshi,Male,32,Delhi,2025-03-25,Email
10805,Aanya Chopra,Female,34,Bangalore,2024-02-12,Referral
10806,Sneha Saxena,Female,44,Hyderabad,2025-08-08,Referral
10807,Ananya Singh,Male,47,Bangalore,2024-02-13,Email
10808,Kunal Patel,Female,21,Hyderabad,2025-06-12,Facebook
10809,Vivaan Malhotra,Female,47,Mumbai,2024-11-07,Facebook
10810,Ankit Mishra,Male,46,Mumbai,2024-02-25,Facebook
10811,Tanya Mehta,Female,60,Bangalore,2025-05-27,Google
10812,Simran Sethi,Male,44,Bangalore,2025-04-06,Google
10813,Manav Sethi,Male,48,Delhi,2024-11-27,Facebook
10814,Shreya Kapoor,Male,24,Delhi,2025-04-05,Referral
10815,Aditya Patel,Female,51,Hyderabad,2024-06-12,Instagram
10816,Nikhil Singh,Male,40,Hyderabad,2025-11-06,Email
10817,Kabir Mehta,Male,22,Bangalore,2024-11-12,Facebook
10818,Manav Rao,Male,26,Noida,2024-07-26,Google
10819,Simran Nair,Male,48,Bangalore,2025-05-25,Referral
10820,Aarav Chandra,Female,34,Gurgaon,2025-11-06,Instagram
10821,Varun Mishra,Male,57,Hyderabad,2024-09-07,Email
10822,Rahul Chandra,Male,22,Gurgaon,2024-02-26,Referral
10823,Vivaan Mehta,Male,55,Kolkata,2024-11-01,Instagram
10824,Aditya Singh,Male,45,Jaipur,2024-06-14,Referral
10825,Neha Chandra,Male,48,Chennai,2025-01-03,Email
10826,Aditya Rao,Female,42,Noida,2024-03-10,Facebook
10827,Sneha Das,Male,37,Bangalore,2024-05-04,Facebook
10828,Rahul Chopra,Female,52,Gurgaon,2024-08-02,Referral
10829,Arjun Sethi,Male,49,Chennai,2025-09-11,Email
10830,Kavya Rao,Female,57,Kolkata,2024-09-22,Referral
10831,Neha Bhatia,Male,58,Hyderabad,2025-06-16,Facebook
10832,Aanya Khan,Male,58,Gurgaon,2024-10-24,Email
10833,Aarav Verma,Male,48,Hyderabad,2024-04-30,Facebook
10834,Ishaan Chandra,Female,45,Delhi,2024-12-24,Referral
10835,Meera Malhotra,Male,59,Gurgaon,2024-10-15,Google
10836,Aditya Rao,Female,51,Hyderabad,2024-01-07,Google
10837,Neeraj Chopra,Female,55,Hyderabad,2024-01-30,Email
10838,Ishaan Chopra,Female,49,Noida,2024-02-06,Referral
10839,Aanya Mehta,Female,53,Noida,2025-04-18,Facebook
10840,Varun Singh,Female,55,Chennai,2024-11-19,Referral
10841,Aarav Malhotra,Female,41,Delhi,2024-06-01,Instagram
10842,Aarav Chopra,Female,59,Bangalore,2024-06-18,Referral
10843,Nikhil Kapoor,Male,38,Pune,2024-11-18,Facebook
10844,Rahul Agarwal,Male,50,Noida,2025-01-15,Instagram
10845,Ankit Malhotra,Female,30,Delhi,2024-02-08,Facebook
10846,Shreya Gupta,Female,51,Delhi,2025-05-09,Email
10847,Rohan Malhotra,Female,49,Chennai,2025-06-20,Instagram
10848,Neeraj Mehta,Male,52,Pune,2024-05-15,Google
10849,Vivaan Mishra,Female,52,Delhi,2024-11-14,Email
10850,Riya Chandra,Male,40,Bangalore,2024-02-17,Google
10851,Simran Rao,Male,55,Chennai,2025-10-16,Email
10852,Neeraj Malhotra,Male,37,Gurgaon,2024-11-22,Facebook
10853,Riya Verma,Female,28,Delhi,2024-04-27,Google
10854,Neha Das,Male,32,Hyderabad,2025-07-16,Instagram
10855,Rohan Rao,Male,29,Delhi,2025-09-19,Email
10856,Priya Mishra,Male,27,Delhi,2025-11-22,Google
10857,Nikhil Singh,Male,46,Mumbai,2025-09-02,Email
10858,Meera Mishra,Female,38,Mumbai,2024-07-21,Facebook
10859,Riya Das,Male,48,Hyderabad,2024-04-05,Facebook
10860,Shreya Mishra,Male,48,Mumbai,2025-10-21,Facebook
10861,Manav Khan,Male,33,Delhi,2025-09-23,Google
10862,Sahil Saxena,Male,40,Chennai,2024-11-28,Instagram
10863,Aarav Gupta,Female,26,Mumbai,2025-04-17,Email
10864,Ankit Bhatia,Male,51,Delhi,2024-04-19,Instagram
10865,Meera Gupta,Female,53,Bangalore,2025-08-27,Instagram
10866,Neha Joshi,Male,49,Mumbai,2024-12-14,Google
10867,Kavya Sethi,Female,46,Hyderabad,2024-12-16,Referral
10868,Kunal Kapoor,Male,55,Kolkata,2024-04-27,Referral
10869,Manav Chopra,Male,47,Delhi,2025-02-19,Google
10870,Arjun Chandra,Female,39,Bangalore,2025-11-07,Google
10871,Ishaan Mehta,Male,28,Pune,2025-04-08,Referral
10872,Nikhil Chandra,Female,31,Gurgaon,2024-11-20,Instagram
10873,Nandini Rao,Female,41,Jaipur,2025-08-19,Google
10874,Ananya Saxena,Male,37,Delhi,2025-07-16,Email
10875,Aarav Das,Female,26,Noida,2024-02-01,Google
10876,Kavya Sethi,Female,59,Mumbai,2025-01-26,Instagram
10877,Varun Das,Male,30,Bangalore,2024-07-11,Referral
10878,Sneha Bhatia,Female,28,Mumbai,2025-11-17,Google
10879,Aarav Gupta,Male,28,Chennai,2025-05-13,Referral
10880,Rohan Gupta,Male,60,Kolkata,2025-04-11,Email
10881,Kavya Chandra,Female,58,Delhi,2025-06-05,Instagram
10882,Sneha Mishra,Female,41,Gurgaon,2025-03-10,Referral
10883,Isha Khan,Male,51,Gurgaon,2025-07-13,Referral
10884,Vivaan Singh,Female,42,Delhi,2025-05-08,Email
10885,Aditya Mehta,Female,48,Bangalore,2025-06-19,Email
10886,Aditya Joshi,Female,59,Chennai,2025-11-15,Google
10887,Meera Das,Female,58,Delhi,2024-12-17,Referral
10888,Aarav Khan,Female,51,Noida,2025-08-10,Facebook
10889,Varun Bhatia,Female,37,Delhi,2025-09-03,Facebook
10890,Pooja Sethi,Female,22,Hyderabad,2025-08-15,Google
10891,Vivaan Rao,Male,37,Bangalore,2024-05-09,Referral
10892,Diya Nair,Female,27,Hyderabad,2024-10-08,Email
10893,Aarav Verma,Male,56,Chennai,2025-11-05,Instagram
10894,Nandini Kapoor,Female,34,Bangalore,2025-06-24,Email
10895,Neeraj Gupta,Male,57,Jaipur,2024-06-06,Email
10896,Simran Agarwal,Female,34,Pune,2025-10-14,Google
10897,Isha Bhatia,Male,60,Gurgaon,2024-04-28,Google
10898,Manav Saxena,Female,38,Bangalore,2025-06-29,Google
10899,Riya Saxena,Female,35,Delhi,2025-03-21,Google
10900,Shreya Mishra,Female,39,Jaipur,2025-11-30,Email
10901,Arjun Das,Female,46,Hyderabad,2025-10-29,Email
10902,Neeraj Nair,Female,25,Gurgaon,2025-08-21,Instagram
10903,Simran Joshi,Male,52,Mumbai,2024-07-03,Instagram
10904,Aarav Sharma,Male,19,Bangalore,2025-06-21,Google
10905,Manav Bhatia,Male,37,Gurgaon,2024-02-04,Google
10906,Aditya Singh,Male,57,Pune,2024-05-02,Google
10907,Neha Mehta,Female,60,Hyderabad,2024-07-08,Email
10908,Kavya Kapoor,Female,37,Bangalore,2024-03-18,Referral
10909,Shreya Nair,Female,39,Gurgaon,2024-03-16,Google
10910,Vivaan Saxena,Female,40,Jaipur,2024-09-21,Email
10911,Rahul Kapoor,Female,23,Bangalore,2024-07-24,Referral
10912,Kabir Khan,Male,28,Hyderabad,2025-03-17,Google
10913,Meera Verma,Female,35,Delhi,2024-03-15,Google
10914,Pooja Nair,Female,20,Noida,2024-06-01,Referral
10915,Aarav Singh,Female,36,Delhi,2024-12-03,Email
10916,Isha Sharma,Female,49,Bangalore,2024-03-12,Referral
10917,Aarav Saxena,Female,26,Hyderabad,2025-01-02,Instagram
10918,Ankit Saxena,Male,59,Jaipur,2025-10-24,Google
10919,Priya Chopra,Male,48,Chennai,2024-10-23,Referral
10920,Kabir Das,Male,43,Pune,2024-11-02,Facebook
10921,Tanya Verma,Female,50,Delhi,2025-10-09,Instagram
10922,Ishaan Mehta,Male,31,Delhi,2025-08-30,Google
10923,Nikhil Gupta,Female,50,Bangalore,2025-04-05,Email
10924,Aarav Singh,Female,22,Mumbai,2024-02-13,Instagram
10925,Ishaan Patel,Female,53,Delhi,2025-08-16,Google
10926,Aditya Singh,Male,50,Pune,2025-04-27,Email
10927,Neha Singh,Male,60,Delhi,2024-06-25,Referral
10928,Tanya Rao,Male,48,Hyderabad,2025-08-28,Google
10929,Sneha Verma,Male,50,Hyderabad,2025-09-22,Google
10930,Nandini Malhotra,Female,40,Kolkata,2025-11-25,Instagram
10931,Arjun Sethi,Male,39,Kolkata,2024-08-06,Facebook
10932,Isha Kapoor,Female,23,Delhi,2024-05-24,Facebook
10933,Kabir Bhatia,Male,47,Gurgaon,2025-08-18,Google
10934,Arjun Chandra,Female,29,Delhi,2025-05-13,Google
10935,Aarav Kapoor,Male,60,Hyderabad,2024-10-17,Instagram
10936,Nandini Khan,Male,32,Delhi,2024-10-04,Referral
10937,Varun Joshi,Male,58,Pune,2025-09-02,Google
10938,Aanya Chandra,Male,59,Kolkata,2024-11-04,Instagram
10939,Aarav Das,Male,31,Delhi,2025-06-26,Email
10940,Neha Bhatia,Male,48,Chennai,2025-11-06,Google
10941,Vivaan Malhotra,Male,28,Pune,2025-04-30,Referral
10942,Kabir Singh,Male,60,Mumbai,2024-08-02,Instagram
10943,Neeraj Chandra,Female,21,Delhi,2024-02-23,Email
10944,Kabir Kapoor,Male,50,Bangalore,2024-03-13,Email
10945,Pooja Mishra,Female,45,Gurgaon,2025-11-24,Email
10946,Kunal Verma,Female,33,Delhi,2025-02-26,Email
10947,Nikhil Joshi,Male,49,Hyderabad,2024-02-25,Email
10948,Rohan Malhotra,Female,30,Mumbai,2024-05-19,Instagram
10949,Ishaan Bhatia,Female,31,Mumbai,2024-02-02,Facebook
10950,Vivaan Nair,Male,26,Kolkata,2025-04-14,Instagram
10951,Simran Chopra,Male,37,Hyderabad,2025-10-15,Email
10952,Tanya Kapoor,Male,24,Bangalore,2025-06-18,Referral
10953,Ishaan Sethi,Female,48,Gurgaon,2025-03-14,Facebook
10954,Kunal Joshi,Female,46,Hyderabad,2025-08-28,Email
10955,Shreya Sethi,Male,45,Jaipur,2024-02-11,Email
10956,Pooja Patel,Male,46,Bangalore,2025-05-05,Facebook
10957,Kavya Verma,Female,50,Gurgaon,2025-07-25,Facebook
10958,Kavya Agarwal,Male,27,Mumbai,2024-09-01,Referral
10959,Aditya Sharma,Female,38,Delhi,2025-04-15,Email
10960,Pooja Sethi,Male,48,Bangalore,2024-05-21,Email
10961,Nikhil Kapoor,Female,59,Bangalore,2025-10-10,Google
10962,Meera Gupta,Female,40,Bangalore,2024-10-30,Instagram
10963,Rahul Chandra,Male,24,Hyderabad,2024-12-09,Facebook
10964,Vivaan Patel,Female,22,Delhi,2025-01-09,Instagram
10965,Vivaan Bhatia,Female,30,Pune,2024-03-09,Referral
10966,Simran Malhotra,Male,40,Gurgaon,2024-04-26,Referral
10967,Pooja Sethi,Male,33,Mumbai,2024-09-30,Referral
10968,Varun Nair,Male,23,Mumbai,2025-04-08,Referral
10969,Ananya Verma,Female,53,Pune,2025-06-29,Email
10970,Manav Chandra,Female,23,Gurgaon,2025-04-13,Google
10971,Nikhil Kapoor,Female,23,Delhi,2024-10-09,Google
10972,Rohan Khan,Male,32,Bangalore,2025-10-04,Google
10973,Varun Das,Male,49,Mumbai,2025-03-30,Facebook
10974,Aarav Rao,Male,23,Delhi,2024-08-25,Email
10975,Ananya Chopra,Female,56,Mumbai,2025-10-23,Facebook
10976,Aanya Sethi,Female,48,Mumbai,2024-05-15,Email
10977,Ankit Kapoor,Female,33,Bangalore,2024-10-22,Facebook
10978,Vivaan Mehta,Female,37,Bangalore,2024-06-19,Referral
10979,Kabir Das,Female,30,Jaipur,2025-11-13,Facebook
10980,Kabir Joshi,Male,21,Jaipur,2025-08-11,Google
10981,Rahul Bhatia,Male,32,Hyderabad,2024-02-05,Referral
10982,Sahil Mehta,Female,47,Bangalore,2024-06-15,Referral
10983,Arjun Sharma,Female,50,Chennai,2025-04-14,Email
10984,Rohan Sharma,Female,60,Pune,2025-04-30,Email
10985,Simran Sethi,Male,55,Chennai,2025-03-28,Instagram
10986,Arjun Khan,Male,27,Pune,2024-04-29,Instagram
10987,Nikhil Chandra,Male,47,Mumbai,2024-11-30,Google
10988,Meera Malhotra,Male,36,Gurgaon,2024-03-26,Referral
10989,Manav Gupta,Female,31,Bangalore,2025-09-09,Referral
10990,Vivaan Bhatia,Female,28,Chennai,2025-03-13,Instagram
10991,Sahil Sharma,Female,41,Mumbai,2025-04-01,Email
10992,Aditya Malhotra,Female,45,Kolkata,2024-10-22,Google
10993,Pooja Agarwal,Female,27,Kolkata,2025-09-04,Google
10994,Ishaan Rao,Female,52,Jaipur,2024-03-08,Email
10995,Isha Saxena,Male,19,Mumbai,2024-10-06,Instagram
10996,Priya Mishra,Male,31,Gurgaon,2025-01-25,Instagram
10997,Aanya Singh,Female,56,Mumbai,2025-07-26,Facebook
10998,Kunal Sharma,Male,28,Gurgaon,2025-10-17,Email
10999,Aanya Verma,Female,45,Delhi,2025-10-22,Google
11000,Arjun Nair,Female,23,Hyderabad,2025-01-05,Referral
