inventory_id,product_id,snapshot_date,units_received,units_sold,closing_stock
1,1001,2025-01-01,41,31,61
2,1001,2025-02-01,30,36,55
3,1001,2025-03-01,77,42,90
4,1001,2025-04-01,54,67,77
5,1001,2025-05-01,35,49,63
6,1001,2025-06-01,68,50,81
7,1001,2025-07-01,26,32,75
8,1001,2025-08-01,80,17,138
9,1001,2025-09-01,61,8,191
10,1001,2025-10-01,21,66,146
11,1001,2025-11-01,52,70,128
12,1001,2025-12-01,48,70,106
13,1002,2025-01-01,75,23,130
14,1002,2025-02-01,27,15,142
15,1002,2025-03-01,38,9,171
16,1002,2025-04-01,38,18,191
17,1002,2025-05-01,60,23,228
18,1002,2025-06-01,71,27,272
19,1002,2025-07-01,26,66,232
20,1002,2025-08-01,74,65,241
21,1002,2025-09-01,93,51,283
22,1002,2025-10-01,83,45,321
23,1002,2025-11-01,79,18,382
24,1002,2025-12-01,84,60,406
25,1003,2025-01-01,77,23,247
26,1003,2025-02-01,67,7,307
27,1003,2025-03-01,23,60,270
28,1003,2025-04-01,96,64,302
29,1003,2025-05-01,51,59,294
30,1003,2025-06-01,63,70,287
31,1003,2025-07-01,77,38,326
32,1003,2025-08-01,95,23,398
33,1003,2025-09-01,46,20,424
34,1003,2025-10-01,100,49,475
35,1003,2025-11-01,33,19,489
36,1003,2025-12-01,21,15,495
37,1004,2025-01-01,83,70,259
38,1004,2025-02-01,45,15,289
39,1004,2025-03-01,49,47,291
40,1004,2025-04-01,78,14,355
41,1004,2025-05-01,99,12,442
42,1004,2025-06-01,95,30,507
43,1004,2025-07-01,72,59,520
44,1004,2025-08-01,34,66,488
45,1004,2025-09-01,72,51,509
46,1004,2025-10-01,84,69,524
47,1004,2025-11-01,30,70,484
48,1004,2025-12-01,50,64,470
49,1005,2025-01-01,22,58,100
50,1005,2025-02-01,28,62,66
51,1005,2025-03-01,29,21,74
52,1005,2025-04-01,65,48,91
53,1005,2025-05-01,27,62,56
54,1005,2025-06-01,64,38,82
55,1005,2025-07-01,93,30,145
56,1005,2025-08-01,98,19,224
57,1005,2025-09-01,81,25,280
58,1005,2025-10-01,73,39,314
59,1005,2025-11-01,27,30,311
60,1005,2025-12-01,54,39,326
61,1006,2025-01-01,46,40,124
62,1006,2025-02-01,27,28,123
63,1006,2025-03-01,86,47,162
64,1006,2025-04-01,60,15,207
65,1006,2025-05-01,27,70,164
66,1006,2025-06-01,78,62,180
67,1006,2025-07-01,33,67,146
68,1006,2025-08-01,60,60,146
69,1006,2025-09-01,68,36,178
70,1006,2025-10-01,60,67,171
71,1006,2025-11-01,94,5,260
72,1006,2025-12-01,44,69,235
73,1007,2025-01-01,88,59,86
74,1007,2025-02-01,86,30,142
75,1007,2025-03-01,40,12,170
76,1007,2025-04-01,21,64,127
77,1007,2025-05-01,46,55,118
78,1007,2025-06-01,62,42,138
79,1007,2025-07-01,49,61,126
80,1007,2025-08-01,20,18,128
81,1007,2025-09-01,35,21,142
82,1007,2025-10-01,70,27,185
83,1007,2025-11-01,87,63,209
84,1007,2025-12-01,37,22,224
85,1008,2025-01-01,93,61,139
86,1008,2025-02-01,72,16,195
87,1008,2025-03-01,98,33,260
88,1008,2025-04-01,59,68,251
89,1008,2025-05-01,80,53,278
90,1008,2025-06-01,25,17,286
91,1008,2025-07-01,48,18,316
92,1008,2025-08-01,22,59,279
93,1008,2025-09-01,36,38,277
94,1008,2025-10-01,66,30,313
95,1008,2025-11-01,30,20,323
96,1008,2025-12-01,60,68,315
97,1009,2025-01-01,89,22,134
98,1009,2025-02-01,69,47,156
99,1009,2025-03-01,37,28,165
100,1009,2025-04-01,78,19,224
101,1009,2025-05-01,21,56,189
102,1009,2025-06-01,87,38,238
103,1009,2025-07-01,72,59,251
104,1009,2025-08-01,75,50,276
105,1009,2025-09-01,73,51,298
106,1009,2025-10-01,89,37,350
107,1009,2025-11-01,24,41,333
108,1009,2025-12-01,43,15,361
109,1010,2025-01-01,27,32,200
110,1010,2025-02-01,76,39,237
111,1010,2025-03-01,94,62,269
112,1010,2025-04-01,44,59,254
113,1010,2025-05-01,58,51,261
114,1010,2025-06-01,73,68,266
115,1010,2025-07-01,29,25,270
116,1010,2025-08-01,30,25,275
117,1010,2025-09-01,58,62,271
118,1010,2025-10-01,75,43,303
119,1010,2025-11-01,29,46,286
120,1010,2025-12-01,65,65,286
121,1011,2025-01-01,37,20,247
122,1011,2025-02-01,51,13,285
123,1011,2025-03-01,99,15,369
124,1011,2025-04-01,51,53,367
125,1011,2025-05-01,87,35,419
126,1011,2025-06-01,95,11,503
127,1011,2025-07-01,41,69,475
128,1011,2025-08-01,40,62,453
129,1011,2025-09-01,75,67,461
130,1011,2025-10-01,42,27,476
131,1011,2025-11-01,22,68,430
132,1011,2025-12-01,30,14,446
133,1012,2025-01-01,66,8,153
134,1012,2025-02-01,49,29,173
135,1012,2025-03-01,72,57,188
136,1012,2025-04-01,86,41,233
137,1012,2025-05-01,97,41,289
138,1012,2025-06-01,97,23,363
139,1012,2025-07-01,83,31,415
140,1012,2025-08-01,74,65,424
141,1012,2025-09-01,81,40,465
142,1012,2025-10-01,57,67,455
143,1012,2025-11-01,44,26,473
144,1012,2025-12-01,57,47,483
145,1013,2025-01-01,34,47,142
146,1013,2025-02-01,66,39,169
147,1013,2025-03-01,92,60,201
148,1013,2025-04-01,89,37,253
149,1013,2025-05-01,80,25,308
150,1013,2025-06-01,78,56,330
151,1013,2025-07-01,25,38,317
152,1013,2025-08-01,28,27,318
153,1013,2025-09-01,89,16,391
154,1013,2025-10-01,81,68,404
155,1013,2025-11-01,34,67,371
156,1013,2025-12-01,31,54,348
157,1014,2025-01-01,95,41,243
158,1014,2025-02-01,54,44,253
159,1014,2025-03-01,43,29,267
160,1014,2025-04-01,94,53,308
161,1014,2025-05-01,47,27,328
162,1014,2025-06-01,54,68,314
163,1014,2025-07-01,25,6,333
164,1014,2025-08-01,59,26,366
165,1014,2025-09-01,94,52,408
166,1014,2025-10-01,61,39,430
167,1014,2025-11-01,80,19,491
168,1014,2025-12-01,41,11,521
169,1015,2025-01-01,76,34,91
170,1015,2025-02-01,31,54,68
171,1015,2025-03-01,91,10,149
172,1015,2025-04-01,88,10,227
173,1015,2025-05-01,68,28,267
174,1015,2025-06-01,54,23,298
175,1015,2025-07-01,51,65,284
176,1015,2025-08-01,76,55,305
177,1015,2025-09-01,81,45,341
178,1015,2025-10-01,45,21,365
179,1015,2025-11-01,99,33,431
180,1015,2025-12-01,93,17,507
181,1016,2025-01-01,81,48,214
182,1016,2025-02-01,97,11,300
183,1016,2025-03-01,66,69,297
184,1016,2025-04-01,87,43,341
185,1016,2025-05-01,34,44,331
186,1016,2025-06-01,85,28,388
187,1016,2025-07-01,55,58,385
188,1016,2025-08-01,57,19,423
189,1016,2025-09-01,28,5,446
190,1016,2025-10-01,49,39,456
191,1016,2025-11-01,71,62,465
192,1016,2025-12-01,25,7,483
193,1017,2025-01-01,33,59,122
194,1017,2025-02-01,97,32,187
195,1017,2025-03-01,89,38,238
196,1017,2025-04-01,82,35,285
197,1017,2025-05-01,85,14,356
198,1017,2025-06-01,23,55,324
199,1017,2025-07-01,51,68,307
200,1017,2025-08-01,20,61,266
201,1017,2025-09-01,41,14,293
202,1017,2025-10-01,91,52,332
203,1017,2025-11-01,24,21,335
204,1017,2025-12-01,37,55,317
205,1018,2025-01-01,71,36,91
206,1018,2025-02-01,59,10,140
207,1018,2025-03-01,63,41,162
208,1018,2025-04-01,69,41,190
209,1018,2025-05-01,98,69,219
210,1018,2025-06-01,61,7,273
211,1018,2025-07-01,34,65,242
212,1018,2025-08-01,64,26,280
213,1018,2025-09-01,59,12,327
214,1018,2025-10-01,21,14,334
215,1018,2025-11-01,78,51,361
216,1018,2025-12-01,66,8,419
217,1019,2025-01-01,95,35,174
218,1019,2025-02-01,61,62,173
219,1019,2025-03-01,90,19,244
220,1019,2025-04-01,56,16,284
221,1019,2025-05-01,39,65,258
222,1019,2025-06-01,82,8,332
223,1019,2025-07-01,29,51,310
224,1019,2025-08-01,50,29,331
225,1019,2025-09-01,86,68,349
226,1019,2025-10-01,96,22,423
227,1019,2025-11-01,88,35,476
228,1019,2025-12-01,95,26,545
229,1020,2025-01-01,35,24,203
230,1020,2025-02-01,50,69,184
231,1020,2025-03-01,35,15,204
232,1020,2025-04-01,90,67,227
233,1020,2025-05-01,55,10,272
234,1020,2025-06-01,27,68,231
235,1020,2025-07-01,52,33,250
236,1020,2025-08-01,38,54,234
237,1020,2025-09-01,41,37,238
238,1020,2025-10-01,47,26,259
239,1020,2025-11-01,48,67,240
240,1020,2025-12-01,69,10,299
241,1021,2025-01-01,100,32,294
242,1021,2025-02-01,60,53,301
243,1021,2025-03-01,80,22,359
244,1021,2025-04-01,95,40,414
245,1021,2025-05-01,55,23,446
246,1021,2025-06-01,56,66,436
247,1021,2025-07-01,42,22,456
248,1021,2025-08-01,40,59,437
249,1021,2025-09-01,56,66,427
250,1021,2025-10-01,39,69,397
251,1021,2025-11-01,51,36,412
252,1021,2025-12-01,48,44,416
253,1022,2025-01-01,50,25,256
254,1022,2025-02-01,100,53,303
255,1022,2025-03-01,25,32,296
256,1022,2025-04-01,43,22,317
257,1022,2025-05-01,39,62,294
258,1022,2025-06-01,62,53,303
259,1022,2025-07-01,32,68,267
260,1022,2025-08-01,65,32,300
261,1022,2025-09-01,59,39,320
262,1022,2025-10-01,29,63,286
263,1022,2025-11-01,48,8,326
264,1022,2025-12-01,99,69,356
265,1023,2025-01-01,30,70,205
266,1023,2025-02-01,30,23,212
267,1023,2025-03-01,56,23,245
268,1023,2025-04-01,55,19,281
269,1023,2025-05-01,41,60,262
270,1023,2025-06-01,48,50,260
271,1023,2025-07-01,97,68,289
272,1023,2025-08-01,67,25,331
273,1023,2025-09-01,37,70,298
274,1023,2025-10-01,85,34,349
275,1023,2025-11-01,39,8,380
276,1023,2025-12-01,99,33,446
277,1024,2025-01-01,82,38,234
278,1024,2025-02-01,99,9,324
279,1024,2025-03-01,23,27,320
280,1024,2025-04-01,98,34,384
281,1024,2025-05-01,72,61,395
282,1024,2025-06-01,76,52,419
283,1024,2025-07-01,30,40,409
284,1024,2025-08-01,64,48,425
285,1024,2025-09-01,54,44,435
286,1024,2025-10-01,56,39,452
287,1024,2025-11-01,59,23,488
288,1024,2025-12-01,96,64,520
289,1025,2025-01-01,82,23,155
290,1025,2025-02-01,74,29,200
291,1025,2025-03-01,40,34,206
292,1025,2025-04-01,46,37,215
293,1025,2025-05-01,88,32,271
294,1025,2025-06-01,45,67,249
295,1025,2025-07-01,65,52,262
296,1025,2025-08-01,77,33,306
297,1025,2025-09-01,83,48,341
298,1025,2025-10-01,31,34,338
299,1025,2025-11-01,96,30,404
300,1025,2025-12-01,29,18,415
301,1026,2025-01-01,62,32,169
302,1026,2025-02-01,34,23,180
303,1026,2025-03-01,73,37,216
304,1026,2025-04-01,64,53,227
305,1026,2025-05-01,98,53,272
306,1026,2025-06-01,76,50,298
307,1026,2025-07-01,76,9,365
308,1026,2025-08-01,65,66,364
309,1026,2025-09-01,33,66,331
310,1026,2025-10-01,31,51,311
311,1026,2025-11-01,99,16,394
312,1026,2025-12-01,89,33,450
313,1027,2025-01-01,48,34,112
314,1027,2025-02-01,66,55,123
315,1027,2025-03-01,41,52,112
316,1027,2025-04-01,63,7,168
317,1027,2025-05-01,35,31,172
318,1027,2025-06-01,62,44,190
319,1027,2025-07-01,34,12,212
320,1027,2025-08-01,51,38,225
321,1027,2025-09-01,30,14,241
322,1027,2025-10-01,49,61,229
323,1027,2025-11-01,44,22,251
324,1027,2025-12-01,23,21,253
325,1028,2025-01-01,24,15,82
326,1028,2025-02-01,78,34,126
327,1028,2025-03-01,89,27,188
328,1028,2025-04-01,36,60,164
329,1028,2025-05-01,25,55,134
330,1028,2025-06-01,88,55,167
331,1028,2025-07-01,100,57,210
332,1028,2025-08-01,73,34,249
333,1028,2025-09-01,20,66,203
334,1028,2025-10-01,22,57,168
335,1028,2025-11-01,56,57,167
336,1028,2025-12-01,49,70,146
337,1029,2025-01-01,60,59,156
338,1029,2025-02-01,91,17,230
339,1029,2025-03-01,93,26,297
340,1029,2025-04-01,99,47,349
341,1029,2025-05-01,93,15,427
342,1029,2025-06-01,31,7,451
343,1029,2025-07-01,36,44,443
344,1029,2025-08-01,94,31,506
345,1029,2025-09-01,87,29,564
346,1029,2025-10-01,60,6,618
347,1029,2025-11-01,92,36,674
348,1029,2025-12-01,38,61,651
349,1030,2025-01-01,44,21,157
350,1030,2025-02-01,99,54,202
351,1030,2025-03-01,97,42,257
352,1030,2025-04-01,84,55,286
353,1030,2025-05-01,44,21,309
354,1030,2025-06-01,27,15,321
355,1030,2025-07-01,51,6,366
356,1030,2025-08-01,70,46,390
357,1030,2025-09-01,45,30,405
358,1030,2025-10-01,41,35,411
359,1030,2025-11-01,96,55,452
360,1030,2025-12-01,97,14,535
361,1031,2025-01-01,91,53,103
362,1031,2025-02-01,68,44,127
363,1031,2025-03-01,34,14,147
364,1031,2025-04-01,63,16,194
365,1031,2025-05-01,69,42,221
366,1031,2025-06-01,52,57,216
367,1031,2025-07-01,62,23,255
368,1031,2025-08-01,44,58,241
369,1031,2025-09-01,67,65,243
370,1031,2025-10-01,91,24,310
371,1031,2025-11-01,75,7,378
372,1031,2025-12-01,26,6,398
373,1032,2025-01-01,56,63,33
374,1032,2025-02-01,20,30,23
375,1032,2025-03-01,43,25,41
376,1032,2025-04-01,73,10,104
377,1032,2025-05-01,21,69,56
378,1032,2025-06-01,88,44,100
379,1032,2025-07-01,44,15,129
380,1032,2025-08-01,45,39,135
381,1032,2025-09-01,99,63,171
382,1032,2025-10-01,51,20,202
383,1032,2025-11-01,22,51,173
384,1032,2025-12-01,47,33,187
385,1033,2025-01-01,40,6,99
386,1033,2025-02-01,59,39,119
387,1033,2025-03-01,40,69,90
388,1033,2025-04-01,38,35,93
389,1033,2025-05-01,73,20,146
390,1033,2025-06-01,75,9,212
391,1033,2025-07-01,30,7,235
392,1033,2025-08-01,99,67,267
393,1033,2025-09-01,38,31,274
394,1033,2025-10-01,88,26,336
395,1033,2025-11-01,28,21,343
396,1033,2025-12-01,32,10,365
397,1034,2025-01-01,66,17,113
398,1034,2025-02-01,20,58,75
399,1034,2025-03-01,26,67,34
400,1034,2025-04-01,85,43,76
401,1034,2025-05-01,92,66,102
402,1034,2025-06-01,23,41,84
403,1034,2025-07-01,39,9,114
404,1034,2025-08-01,94,61,147
405,1034,2025-09-01,78,56,169
406,1034,2025-10-01,74,35,208
407,1034,2025-11-01,33,9,232
408,1034,2025-12-01,26,44,214
409,1035,2025-01-01,45,14,156
410,1035,2025-02-01,96,40,212
411,1035,2025-03-01,37,22,227
412,1035,2025-04-01,47,54,220
413,1035,2025-05-01,61,35,246
414,1035,2025-06-01,41,65,222
415,1035,2025-07-01,30,38,214
416,1035,2025-08-01,81,27,268
417,1035,2025-09-01,64,6,326
418,1035,2025-10-01,81,53,354
419,1035,2025-11-01,39,30,363
420,1035,2025-12-01,49,21,391
421,1036,2025-01-01,78,52,265
422,1036,2025-02-01,25,39,251
423,1036,2025-03-01,59,38,272
424,1036,2025-04-01,85,33,324
425,1036,2025-05-01,30,68,286
426,1036,2025-06-01,56,32,310
427,1036,2025-07-01,73,6,377
428,1036,2025-08-01,29,55,351
429,1036,2025-09-01,30,60,321
430,1036,2025-10-01,85,65,341
431,1036,2025-11-01,69,33,377
432,1036,2025-12-01,23,67,333
433,1037,2025-01-01,79,25,145
434,1037,2025-02-01,39,45,139
435,1037,2025-03-01,81,52,168
436,1037,2025-04-01,89,38,219
437,1037,2025-05-01,87,35,271
438,1037,2025-06-01,71,31,311
439,1037,2025-07-01,96,20,387
440,1037,2025-08-01,76,9,454
441,1037,2025-09-01,33,32,455
442,1037,2025-10-01,85,18,522
443,1037,2025-11-01,20,23,519
444,1037,2025-12-01,92,46,565
445,1038,2025-01-01,76,21,305
446,1038,2025-02-01,42,31,316
447,1038,2025-03-01,49,48,317
448,1038,2025-04-01,87,59,345
449,1038,2025-05-01,37,32,350
450,1038,2025-06-01,55,23,382
451,1038,2025-07-01,36,34,384
452,1038,2025-08-01,57,21,420
453,1038,2025-09-01,38,58,400
454,1038,2025-10-01,58,14,444
455,1038,2025-11-01,22,20,446
456,1038,2025-12-01,53,40,459
457,1039,2025-01-01,38,29,253
458,1039,2025-02-01,20,51,222
459,1039,2025-03-01,68,54,236
460,1039,2025-04-01,63,61,238
461,1039,2025-05-01,77,58,257
462,1039,2025-06-01,21,56,222
463,1039,2025-07-01,33,24,231
464,1039,2025-08-01,65,20,276
465,1039,2025-09-01,82,38,320
466,1039,2025-10-01,50,43,327
467,1039,2025-11-01,42,20,349
468,1039,2025-12-01,23,44,328
469,1040,2025-01-01,98,70,128
470,1040,2025-02-01,92,30,190
471,1040,2025-03-01,92,8,274
472,1040,2025-04-01,51,17,308
473,1040,2025-05-01,75,57,326
474,1040,2025-06-01,53,54,325
475,1040,2025-07-01,75,6,394
476,1040,2025-08-01,39,55,378
477,1040,2025-09-01,91,65,404
478,1040,2025-10-01,57,49,412
479,1040,2025-11-01,34,18,428
480,1040,2025-12-01,77,59,446
481,1041,2025-01-01,74,19,264
482,1041,2025-02-01,38,40,262
483,1041,2025-03-01,82,53,291
484,1041,2025-04-01,90,46,335
485,1041,2025-05-01,94,63,366
486,1041,2025-06-01,68,59,375
487,1041,2025-07-01,58,59,374
488,1041,2025-08-01,92,25,441
489,1041,2025-09-01,75,52,464
490,1041,2025-10-01,96,10,550
491,1041,2025-11-01,43,25,568
492,1041,2025-12-01,80,63,585
493,1042,2025-01-01,58,57,219
494,1042,2025-02-01,98,40,277
495,1042,2025-03-01,89,28,338
496,1042,2025-04-01,62,42,358
497,1042,2025-05-01,60,64,354
498,1042,2025-06-01,68,36,386
499,1042,2025-07-01,57,42,401
500,1042,2025-08-01,77,26,452
501,1042,2025-09-01,25,11,466
502,1042,2025-10-01,33,29,470
503,1042,2025-11-01,82,54,498
504,1042,2025-12-01,85,36,547
505,1043,2025-01-01,40,14,158
506,1043,2025-02-01,50,67,141
507,1043,2025-03-01,36,38,139
508,1043,2025-04-01,42,10,171
509,1043,2025-05-01,56,58,169
510,1043,2025-06-01,66,34,201
511,1043,2025-07-01,60,25,236
512,1043,2025-08-01,28,68,196
513,1043,2025-09-01,27,48,175
514,1043,2025-10-01,80,22,233
515,1043,2025-11-01,68,68,233
516,1043,2025-12-01,78,29,282
517,1044,2025-01-01,26,23,54
518,1044,2025-02-01,26,29,51
519,1044,2025-03-01,24,39,36
520,1044,2025-04-01,44,30,50
521,1044,2025-05-01,26,67,9
522,1044,2025-06-01,79,7,81
523,1044,2025-07-01,23,16,88
524,1044,2025-08-01,36,16,108
525,1044,2025-09-01,66,29,145
526,1044,2025-10-01,43,36,152
527,1044,2025-11-01,84,44,192
528,1044,2025-12-01,27,48,171
529,1045,2025-01-01,63,6,191
530,1045,2025-02-01,74,25,240
531,1045,2025-03-01,82,20,302
532,1045,2025-04-01,91,20,373
533,1045,2025-05-01,26,54,345
534,1045,2025-06-01,45,14,376
535,1045,2025-07-01,96,51,421
536,1045,2025-08-01,56,40,437
537,1045,2025-09-01,89,11,515
538,1045,2025-10-01,75,54,536
539,1045,2025-11-01,77,53,560
540,1045,2025-12-01,54,60,554
541,1046,2025-01-01,98,9,164
542,1046,2025-02-01,73,46,191
543,1046,2025-03-01,28,56,163
544,1046,2025-04-01,64,15,212
545,1046,2025-05-01,36,56,192
546,1046,2025-06-01,60,37,215
547,1046,2025-07-01,80,30,265
548,1046,2025-08-01,81,9,337
549,1046,2025-09-01,54,26,365
550,1046,2025-10-01,28,43,350
551,1046,2025-11-01,35,51,334
552,1046,2025-12-01,38,35,337
553,1047,2025-01-01,77,61,198
554,1047,2025-02-01,87,68,217
555,1047,2025-03-01,27,8,236
556,1047,2025-04-01,20,48,208
557,1047,2025-05-01,54,49,213
558,1047,2025-06-01,27,57,183
559,1047,2025-07-01,96,31,248
560,1047,2025-08-01,63,65,246
561,1047,2025-09-01,71,35,282
562,1047,2025-10-01,46,70,258
563,1047,2025-11-01,34,28,264
564,1047,2025-12-01,44,46,262
565,1048,2025-01-01,44,32,128
566,1048,2025-02-01,75,10,193
567,1048,2025-03-01,70,24,239
568,1048,2025-04-01,20,31,228
569,1048,2025-05-01,83,57,254
570,1048,2025-06-01,27,21,260
571,1048,2025-07-01,24,68,216
572,1048,2025-08-01,24,62,178
573,1048,2025-09-01,51,65,164
574,1048,2025-10-01,50,55,159
575,1048,2025-11-01,73,10,222
576,1048,2025-12-01,50,16,256
577,1049,2025-01-01,97,61,187
578,1049,2025-02-01,75,7,255
579,1049,2025-03-01,77,6,326
580,1049,2025-04-01,54,54,326
581,1049,2025-05-01,75,7,394
582,1049,2025-06-01,25,48,371
583,1049,2025-07-01,62,35,398
584,1049,2025-08-01,28,40,386
585,1049,2025-09-01,93,29,450
586,1049,2025-10-01,55,39,466
587,1049,2025-11-01,98,13,551
588,1049,2025-12-01,69,15,605
589,1050,2025-01-01,99,10,222
590,1050,2025-02-01,43,61,204
591,1050,2025-03-01,98,24,278
592,1050,2025-04-01,73,27,324
593,1050,2025-05-01,37,46,315
594,1050,2025-06-01,63,47,331
595,1050,2025-07-01,77,43,365
596,1050,2025-08-01,33,38,360
597,1050,2025-09-01,64,10,414
598,1050,2025-10-01,86,9,491
599,1050,2025-11-01,75,54,512
600,1050,2025-12-01,23,34,501
601,1051,2025-01-01,49,39,156
602,1051,2025-02-01,21,16,161
603,1051,2025-03-01,68,15,214
604,1051,2025-04-01,73,32,255
605,1051,2025-05-01,35,36,254
606,1051,2025-06-01,45,36,263
607,1051,2025-07-01,68,30,301
608,1051,2025-08-01,57,46,312
609,1051,2025-09-01,42,8,346
610,1051,2025-10-01,54,33,367
611,1051,2025-11-01,44,27,384
612,1051,2025-12-01,69,37,416
613,1052,2025-01-01,54,52,113
614,1052,2025-02-01,85,17,181
615,1052,2025-03-01,71,43,209
616,1052,2025-04-01,94,39,264
617,1052,2025-05-01,73,17,320
618,1052,2025-06-01,62,25,357
619,1052,2025-07-01,84,57,384
620,1052,2025-08-01,90,19,455
621,1052,2025-09-01,61,18,498
622,1052,2025-10-01,66,57,507
623,1052,2025-11-01,79,43,543
624,1052,2025-12-01,22,67,498
625,1053,2025-01-01,95,37,274
626,1053,2025-02-01,93,17,350
627,1053,2025-03-01,76,8,418
628,1053,2025-04-01,74,7,485
629,1053,2025-05-01,89,17,557
630,1053,2025-06-01,37,49,545
631,1053,2025-07-01,76,12,609
632,1053,2025-08-01,70,8,671
633,1053,2025-09-01,39,26,684
634,1053,2025-10-01,38,38,684
635,1053,2025-11-01,90,61,713
636,1053,2025-12-01,28,44,697
637,1054,2025-01-01,26,57,130
638,1054,2025-02-01,82,49,163
639,1054,2025-03-01,97,55,205
640,1054,2025-04-01,62,9,258
641,1054,2025-05-01,22,7,273
642,1054,2025-06-01,43,19,297
643,1054,2025-07-01,92,62,327
644,1054,2025-08-01,99,62,364
645,1054,2025-09-01,73,43,394
646,1054,2025-10-01,76,5,465
647,1054,2025-11-01,59,57,467
648,1054,2025-12-01,23,15,475
649,1055,2025-01-01,63,55,151
650,1055,2025-02-01,28,23,156
651,1055,2025-03-01,59,60,155
652,1055,2025-04-01,72,22,205
653,1055,2025-05-01,62,57,210
654,1055,2025-06-01,94,49,255
655,1055,2025-07-01,28,23,260
656,1055,2025-08-01,67,13,314
657,1055,2025-09-01,74,22,366
658,1055,2025-10-01,84,8,442
659,1055,2025-11-01,42,53,431
660,1055,2025-12-01,33,40,424
661,1056,2025-01-01,39,42,82
662,1056,2025-02-01,83,41,124
663,1056,2025-03-01,69,67,126
664,1056,2025-04-01,86,49,163
665,1056,2025-05-01,35,31,167
666,1056,2025-06-01,74,14,227
667,1056,2025-07-01,97,40,284
668,1056,2025-08-01,89,7,366
669,1056,2025-09-01,55,39,382
670,1056,2025-10-01,68,34,416
671,1056,2025-11-01,63,9,470
672,1056,2025-12-01,25,22,473
673,1057,2025-01-01,77,22,296
674,1057,2025-02-01,98,16,378
675,1057,2025-03-01,77,18,437
676,1057,2025-04-01,54,20,471
677,1057,2025-05-01,33,22,482
678,1057,2025-06-01,33,28,487
679,1057,2025-07-01,98,10,575
680,1057,2025-08-01,64,69,570
681,1057,2025-09-01,84,42,612
682,1057,2025-10-01,28,30,610
683,1057,2025-11-01,70,26,654
684,1057,2025-12-01,68,31,691
685,1058,2025-01-01,48,43,68
686,1058,2025-02-01,94,37,125
687,1058,2025-03-01,74,8,191
688,1058,2025-04-01,79,70,200
689,1058,2025-05-01,28,70,158
690,1058,2025-06-01,40,48,150
691,1058,2025-07-01,36,18,168
692,1058,2025-08-01,95,35,228
693,1058,2025-09-01,89,48,269
694,1058,2025-10-01,40,22,287
695,1058,2025-11-01,41,32,296
696,1058,2025-12-01,35,13,318
697,1059,2025-01-01,43,33,129
698,1059,2025-02-01,30,15,144
699,1059,2025-03-01,66,44,166
700,1059,2025-04-01,81,62,185
701,1059,2025-05-01,100,6,279
702,1059,2025-06-01,52,70,261
703,1059,2025-07-01,49,15,295
704,1059,2025-08-01,42,7,330
705,1059,2025-09-01,68,9,389
706,1059,2025-10-01,60,34,415
707,1059,2025-11-01,94,48,461
708,1059,2025-12-01,59,36,484
709,1060,2025-01-01,41,70,204
710,1060,2025-02-01,55,49,210
711,1060,2025-03-01,29,21,218
712,1060,2025-04-01,96,31,283
713,1060,2025-05-01,88,63,308
714,1060,2025-06-01,86,70,324
715,1060,2025-07-01,54,30,348
716,1060,2025-08-01,29,5,372
717,1060,2025-09-01,76,42,406
718,1060,2025-10-01,93,15,484
719,1060,2025-11-01,53,62,475
720,1060,2025-12-01,73,40,508
721,1061,2025-01-01,76,32,129
722,1061,2025-02-01,20,5,144
723,1061,2025-03-01,94,26,212
724,1061,2025-04-01,26,17,221
725,1061,2025-05-01,88,67,242
726,1061,2025-06-01,27,58,211
727,1061,2025-07-01,96,30,277
728,1061,2025-08-01,38,23,292
729,1061,2025-09-01,54,12,334
730,1061,2025-10-01,30,19,345
731,1061,2025-11-01,68,27,386
732,1061,2025-12-01,85,7,464
733,1062,2025-01-01,73,9,126
734,1062,2025-02-01,79,35,170
735,1062,2025-03-01,41,18,193
736,1062,2025-04-01,93,64,222
737,1062,2025-05-01,66,9,279
738,1062,2025-06-01,78,67,290
739,1062,2025-07-01,39,14,315
740,1062,2025-08-01,84,7,392
741,1062,2025-09-01,75,58,409
742,1062,2025-10-01,64,12,461
743,1062,2025-11-01,62,59,464
744,1062,2025-12-01,66,52,478
745,1063,2025-01-01,55,7,147
746,1063,2025-02-01,26,24,149
747,1063,2025-03-01,75,68,156
748,1063,2025-04-01,30,57,129
749,1063,2025-05-01,28,63,94
750,1063,2025-06-01,37,63,68
751,1063,2025-07-01,76,45,99
752,1063,2025-08-01,49,47,101
753,1063,2025-09-01,53,31,123
754,1063,2025-10-01,31,59,95
755,1063,2025-11-01,32,14,113
756,1063,2025-12-01,89,57,145
757,1064,2025-01-01,86,19,258
758,1064,2025-02-01,55,27,286
759,1064,2025-03-01,34,69,251
760,1064,2025-04-01,67,28,290
761,1064,2025-05-01,92,35,347
762,1064,2025-06-01,26,8,365
763,1064,2025-07-01,57,40,382
764,1064,2025-08-01,97,23,456
765,1064,2025-09-01,40,39,457
766,1064,2025-10-01,72,64,465
767,1064,2025-11-01,71,18,518
768,1064,2025-12-01,72,57,533
769,1065,2025-01-01,35,19,254
770,1065,2025-02-01,88,52,290
771,1065,2025-03-01,79,9,360
772,1065,2025-04-01,26,16,370
773,1065,2025-05-01,22,25,367
774,1065,2025-06-01,27,65,329
775,1065,2025-07-01,49,61,317
776,1065,2025-08-01,90,60,347
777,1065,2025-09-01,71,46,372
778,1065,2025-10-01,65,65,372
779,1065,2025-11-01,34,48,358
780,1065,2025-12-01,62,66,354
781,1066,2025-01-01,92,10,164
782,1066,2025-02-01,44,38,170
783,1066,2025-03-01,28,34,164
784,1066,2025-04-01,89,58,195
785,1066,2025-05-01,60,14,241
786,1066,2025-06-01,79,54,266
787,1066,2025-07-01,83,34,315
788,1066,2025-08-01,81,24,372
789,1066,2025-09-01,82,26,428
790,1066,2025-10-01,64,8,484
791,1066,2025-11-01,70,29,525
792,1066,2025-12-01,64,33,556
793,1067,2025-01-01,40,20,90
794,1067,2025-02-01,66,14,142
795,1067,2025-03-01,25,8,159
796,1067,2025-04-01,97,18,238
797,1067,2025-05-01,42,28,252
798,1067,2025-06-01,54,60,246
799,1067,2025-07-01,32,32,246
800,1067,2025-08-01,30,17,259
801,1067,2025-09-01,20,29,250
802,1067,2025-10-01,61,8,303
803,1067,2025-11-01,78,64,317
804,1067,2025-12-01,30,12,335
805,1068,2025-01-01,31,26,196
806,1068,2025-02-01,27,37,186
807,1068,2025-03-01,63,34,215
808,1068,2025-04-01,85,65,235
809,1068,2025-05-01,97,51,281
810,1068,2025-06-01,97,53,325
811,1068,2025-07-01,48,43,330
812,1068,2025-08-01,61,36,355
813,1068,2025-09-01,61,40,376
814,1068,2025-10-01,70,19,427
815,1068,2025-11-01,99,58,468
816,1068,2025-12-01,69,27,510
817,1069,2025-01-01,26,6,109
818,1069,2025-02-01,44,61,92
819,1069,2025-03-01,49,55,86
820,1069,2025-04-01,45,64,67
821,1069,2025-05-01,64,66,65
822,1069,2025-06-01,24,13,76
823,1069,2025-07-01,62,13,125
824,1069,2025-08-01,88,6,207
825,1069,2025-09-01,78,68,217
826,1069,2025-10-01,89,33,273
827,1069,2025-11-01,47,59,261
828,1069,2025-12-01,87,28,320
829,1070,2025-01-01,28,42,131
830,1070,2025-02-01,58,55,134
831,1070,2025-03-01,53,50,137
832,1070,2025-04-01,66,62,141
833,1070,2025-05-01,64,33,172
834,1070,2025-06-01,28,12,188
835,1070,2025-07-01,25,22,191
836,1070,2025-08-01,72,59,204
837,1070,2025-09-01,91,61,234
838,1070,2025-10-01,59,28,265
839,1070,2025-11-01,80,45,300
840,1070,2025-12-01,76,14,362
841,1071,2025-01-01,86,13,182
842,1071,2025-02-01,42,52,172
843,1071,2025-03-01,64,21,215
844,1071,2025-04-01,99,17,297
845,1071,2025-05-01,71,49,319
846,1071,2025-06-01,45,68,296
847,1071,2025-07-01,92,37,351
848,1071,2025-08-01,55,62,344
849,1071,2025-09-01,52,6,390
850,1071,2025-10-01,28,47,371
851,1071,2025-11-01,90,57,404
852,1071,2025-12-01,73,41,436
853,1072,2025-01-01,41,61,167
854,1072,2025-02-01,40,51,156
855,1072,2025-03-01,52,47,161
856,1072,2025-04-01,41,29,173
857,1072,2025-05-01,39,40,172
858,1072,2025-06-01,23,22,173
859,1072,2025-07-01,44,9,208
860,1072,2025-08-01,86,14,280
861,1072,2025-09-01,37,25,292
862,1072,2025-10-01,94,41,345
863,1072,2025-11-01,44,61,328
864,1072,2025-12-01,33,45,316
865,1073,2025-01-01,33,11,71
866,1073,2025-02-01,39,36,74
867,1073,2025-03-01,93,43,124
868,1073,2025-04-01,34,44,114
869,1073,2025-05-01,36,12,138
870,1073,2025-06-01,27,43,122
871,1073,2025-07-01,25,20,127
872,1073,2025-08-01,76,66,137
873,1073,2025-09-01,53,17,173
874,1073,2025-10-01,92,27,238
875,1073,2025-11-01,85,30,293
876,1073,2025-12-01,37,42,288
877,1074,2025-01-01,67,17,234
878,1074,2025-02-01,34,5,263
879,1074,2025-03-01,95,59,299
880,1074,2025-04-01,77,8,368
881,1074,2025-05-01,42,42,368
882,1074,2025-06-01,99,13,454
883,1074,2025-07-01,29,58,425
884,1074,2025-08-01,93,33,485
885,1074,2025-09-01,58,63,480
886,1074,2025-10-01,91,62,509
887,1074,2025-11-01,79,58,530
888,1074,2025-12-01,38,65,503
889,1075,2025-01-01,69,61,117
890,1075,2025-02-01,97,31,183
891,1075,2025-03-01,20,64,139
892,1075,2025-04-01,38,20,157
893,1075,2025-05-01,82,27,212
894,1075,2025-06-01,29,22,219
895,1075,2025-07-01,81,8,292
896,1075,2025-08-01,27,56,263
897,1075,2025-09-01,85,37,311
898,1075,2025-10-01,70,42,339
899,1075,2025-11-01,42,68,313
900,1075,2025-12-01,51,43,321
901,1076,2025-01-01,76,54,155
902,1076,2025-02-01,44,51,148
903,1076,2025-03-01,85,63,170
904,1076,2025-04-01,44,17,197
905,1076,2025-05-01,31,15,213
906,1076,2025-06-01,47,51,209
907,1076,2025-07-01,56,28,237
908,1076,2025-08-01,60,53,244
909,1076,2025-09-01,80,40,284
910,1076,2025-10-01,60,57,287
911,1076,2025-11-01,57,44,300
912,1076,2025-12-01,48,20,328
913,1077,2025-01-01,40,19,113
914,1077,2025-02-01,67,54,126
915,1077,2025-03-01,29,30,125
916,1077,2025-04-01,73,69,129
917,1077,2025-05-01,43,33,139
918,1077,2025-06-01,50,23,166
919,1077,2025-07-01,99,9,256
920,1077,2025-08-01,57,60,253
921,1077,2025-09-01,20,42,231
922,1077,2025-10-01,69,61,239
923,1077,2025-11-01,58,9,288
924,1077,2025-12-01,80,22,346
925,1078,2025-01-01,87,10,190
926,1078,2025-02-01,33,70,153
927,1078,2025-03-01,81,66,168
928,1078,2025-04-01,33,67,134
929,1078,2025-05-01,97,7,224
930,1078,2025-06-01,89,37,276
931,1078,2025-07-01,91,15,352
932,1078,2025-08-01,60,25,387
933,1078,2025-09-01,82,62,407
934,1078,2025-10-01,33,14,426
935,1078,2025-11-01,65,25,466
936,1078,2025-12-01,83,46,503
937,1079,2025-01-01,21,64,176
938,1079,2025-02-01,46,59,163
939,1079,2025-03-01,30,35,158
940,1079,2025-04-01,43,9,192
941,1079,2025-05-01,58,12,238
942,1079,2025-06-01,70,36,272
943,1079,2025-07-01,40,26,286
944,1079,2025-08-01,44,54,276
945,1079,2025-09-01,42,69,249
946,1079,2025-10-01,32,63,218
947,1079,2025-11-01,92,15,295
948,1079,2025-12-01,33,15,313
949,1080,2025-01-01,23,65,52
950,1080,2025-02-01,49,58,43
951,1080,2025-03-01,69,16,96
952,1080,2025-04-01,96,56,136
953,1080,2025-05-01,78,19,195
954,1080,2025-06-01,94,61,228
955,1080,2025-07-01,95,60,263
956,1080,2025-08-01,96,61,298
957,1080,2025-09-01,87,13,372
958,1080,2025-10-01,68,27,413
959,1080,2025-11-01,71,53,431
960,1080,2025-12-01,82,17,496
961,1081,2025-01-01,54,13,274
962,1081,2025-02-01,75,27,322
963,1081,2025-03-01,72,51,343
964,1081,2025-04-01,94,68,369
965,1081,2025-05-01,25,11,383
966,1081,2025-06-01,76,32,427
967,1081,2025-07-01,40,19,448
968,1081,2025-08-01,37,62,423
969,1081,2025-09-01,29,22,430
970,1081,2025-10-01,30,50,410
971,1081,2025-11-01,35,61,384
972,1081,2025-12-01,22,56,350
973,1082,2025-01-01,39,63,209
974,1082,2025-02-01,48,18,239
975,1082,2025-03-01,74,65,248
976,1082,2025-04-01,46,37,257
977,1082,2025-05-01,92,24,325
978,1082,2025-06-01,90,38,377
979,1082,2025-07-01,38,60,355
980,1082,2025-08-01,82,58,379
981,1082,2025-09-01,31,62,348
982,1082,2025-10-01,84,40,392
983,1082,2025-11-01,21,46,367
984,1082,2025-12-01,58,49,376
985,1083,2025-01-01,34,21,219
986,1083,2025-02-01,22,57,184
987,1083,2025-03-01,33,21,196
988,1083,2025-04-01,68,70,194
989,1083,2025-05-01,80,36,238
990,1083,2025-06-01,80,6,312
991,1083,2025-07-01,33,39,306
992,1083,2025-08-01,54,69,291
993,1083,2025-09-01,78,66,303
994,1083,2025-10-01,32,51,284
995,1083,2025-11-01,87,21,350
996,1083,2025-12-01,83,17,416
997,1084,2025-01-01,38,50,214
998,1084,2025-02-01,96,69,241
999,1084,2025-03-01,49,32,258
1000,1084,2025-04-01,92,14,336
1001,1084,2025-05-01,95,67,364
1002,1084,2025-06-01,94,32,426
1003,1084,2025-07-01,73,69,430
1004,1084,2025-08-01,73,39,464
1005,1084,2025-09-01,40,20,484
1006,1084,2025-10-01,60,13,531
1007,1084,2025-11-01,30,22,539
1008,1084,2025-12-01,70,13,596
1009,1085,2025-01-01,95,13,123
1010,1085,2025-02-01,37,24,136
1011,1085,2025-03-01,81,67,150
1012,1085,2025-04-01,60,53,157
1013,1085,2025-05-01,64,29,192
1014,1085,2025-06-01,97,32,257
1015,1085,2025-07-01,82,59,280
1016,1085,2025-08-01,100,64,316
1017,1085,2025-09-01,49,25,340
1018,1085,2025-10-01,73,44,369
1019,1085,2025-11-01,40,60,349
1020,1085,2025-12-01,73,62,360
1021,1086,2025-01-01,47,8,192
1022,1086,2025-02-01,31,38,185
1023,1086,2025-03-01,37,30,192
1024,1086,2025-04-01,63,22,233
1025,1086,2025-05-01,82,39,276
1026,1086,2025-06-01,50,41,285
1027,1086,2025-07-01,24,63,246
1028,1086,2025-08-01,29,56,219
1029,1086,2025-09-01,38,67,190
1030,1086,2025-10-01,71,60,201
1031,1086,2025-11-01,53,66,188
1032,1086,2025-12-01,87,44,231
1033,1087,2025-01-01,75,8,240
1034,1087,2025-02-01,60,54,246
1035,1087,2025-03-01,52,20,278
1036,1087,2025-04-01,49,15,312
1037,1087,2025-05-01,22,56,278
1038,1087,2025-06-01,71,55,294
1039,1087,2025-07-01,25,24,295
1040,1087,2025-08-01,98,68,325
1041,1087,2025-09-01,38,43,320
1042,1087,2025-10-01,62,20,362
1043,1087,2025-11-01,45,50,357
1044,1087,2025-12-01,72,5,424
1045,1088,2025-01-01,95,11,277
1046,1088,2025-02-01,29,38,268
1047,1088,2025-03-01,86,6,348
1048,1088,2025-04-01,71,14,405
1049,1088,2025-05-01,27,59,373
1050,1088,2025-06-01,100,48,425
1051,1088,2025-07-01,95,51,469
1052,1088,2025-08-01,20,31,458
1053,1088,2025-09-01,71,32,497
1054,1088,2025-10-01,38,60,475
1055,1088,2025-11-01,41,34,482
1056,1088,2025-12-01,80,46,516
1057,1089,2025-01-01,62,42,65
1058,1089,2025-02-01,46,24,87
1059,1089,2025-03-01,43,58,72
1060,1089,2025-04-01,21,25,68
1061,1089,2025-05-01,81,40,109
1062,1089,2025-06-01,69,28,150
1063,1089,2025-07-01,56,12,194
1064,1089,2025-08-01,68,31,231
1065,1089,2025-09-01,77,47,261
1066,1089,2025-10-01,96,38,319
1067,1089,2025-11-01,65,66,318
1068,1089,2025-12-01,26,23,321
1069,1090,2025-01-01,22,65,51
1070,1090,2025-02-01,28,10,69
1071,1090,2025-03-01,62,53,78
1072,1090,2025-04-01,59,10,127
1073,1090,2025-05-01,22,57,92
1074,1090,2025-06-01,77,44,125
1075,1090,2025-07-01,33,52,106
1076,1090,2025-08-01,87,54,139
1077,1090,2025-09-01,83,45,177
1078,1090,2025-10-01,36,41,172
1079,1090,2025-11-01,22,68,126
1080,1090,2025-12-01,54,17,163
1081,1091,2025-01-01,67,7,180
1082,1091,2025-02-01,78,47,211
1083,1091,2025-03-01,82,58,235
1084,1091,2025-04-01,53,44,244
1085,1091,2025-05-01,93,53,284
1086,1091,2025-06-01,100,36,348
1087,1091,2025-07-01,93,28,413
1088,1091,2025-08-01,32,43,402
1089,1091,2025-09-01,91,20,473
1090,1091,2025-10-01,92,55,510
1091,1091,2025-11-01,59,26,543
1092,1091,2025-12-01,55,12,586
1093,1092,2025-01-01,45,56,101
1094,1092,2025-02-01,66,42,125
1095,1092,2025-03-01,61,15,171
1096,1092,2025-04-01,95,14,252
1097,1092,2025-05-01,74,11,315
1098,1092,2025-06-01,26,27,314
1099,1092,2025-07-01,37,24,327
1100,1092,2025-08-01,74,47,354
1101,1092,2025-09-01,74,68,360
1102,1092,2025-10-01,96,25,431
1103,1092,2025-11-01,73,53,451
1104,1092,2025-12-01,37,43,445
1105,1093,2025-01-01,55,17,136
1106,1093,2025-02-01,79,13,202
1107,1093,2025-03-01,58,10,250
1108,1093,2025-04-01,88,54,284
1109,1093,2025-05-01,66,53,297
1110,1093,2025-06-01,33,43,287
1111,1093,2025-07-01,72,24,335
1112,1093,2025-08-01,34,14,355
1113,1093,2025-09-01,94,33,416
1114,1093,2025-10-01,68,64,420
1115,1093,2025-11-01,66,66,420
1116,1093,2025-12-01,55,16,459
1117,1094,2025-01-01,42,70,55
1118,1094,2025-02-01,80,59,76
1119,1094,2025-03-01,82,6,152
1120,1094,2025-04-01,52,39,165
1121,1094,2025-05-01,59,65,159
1122,1094,2025-06-01,29,54,134
1123,1094,2025-07-01,92,42,184
1124,1094,2025-08-01,28,34,178
1125,1094,2025-09-01,97,11,264
1126,1094,2025-10-01,52,9,307
1127,1094,2025-11-01,89,11,385
1128,1094,2025-12-01,84,57,412
1129,1095,2025-01-01,86,34,127
1130,1095,2025-02-01,60,46,141
1131,1095,2025-03-01,81,17,205
1132,1095,2025-04-01,56,28,233
1133,1095,2025-05-01,79,9,303
1134,1095,2025-06-01,95,32,366
1135,1095,2025-07-01,30,15,381
1136,1095,2025-08-01,43,13,411
1137,1095,2025-09-01,39,47,403
1138,1095,2025-10-01,94,47,450
1139,1095,2025-11-01,49,47,452
1140,1095,2025-12-01,47,22,477
1141,1096,2025-01-01,56,20,260
1142,1096,2025-02-01,41,59,242
1143,1096,2025-03-01,73,56,259
1144,1096,2025-04-01,42,10,291
1145,1096,2025-05-01,74,46,319
1146,1096,2025-06-01,70,57,332
1147,1096,2025-07-01,25,5,352
1148,1096,2025-08-01,39,70,321
1149,1096,2025-09-01,90,47,364
1150,1096,2025-10-01,58,13,409
1151,1096,2025-11-01,28,14,423
1152,1096,2025-12-01,35,21,437
1153,1097,2025-01-01,31,50,28
1154,1097,2025-02-01,24,24,28
1155,1097,2025-03-01,68,16,80
1156,1097,2025-04-01,62,52,90
1157,1097,2025-05-01,52,24,118
1158,1097,2025-06-01,79,62,135
1159,1097,2025-07-01,31,39,127
1160,1097,2025-08-01,28,11,144
1161,1097,2025-09-01,59,50,153
1162,1097,2025-10-01,37,65,125
1163,1097,2025-11-01,72,42,155
1164,1097,2025-12-01,75,69,161
1165,1098,2025-01-01,22,8,184
1166,1098,2025-02-01,52,46,190
1167,1098,2025-03-01,39,53,176
1168,1098,2025-04-01,23,47,152
1169,1098,2025-05-01,33,69,116
1170,1098,2025-06-01,67,42,141
1171,1098,2025-07-01,69,40,170
1172,1098,2025-08-01,32,30,172
1173,1098,2025-09-01,82,23,231
1174,1098,2025-10-01,91,18,304
1175,1098,2025-11-01,33,21,316
1176,1098,2025-12-01,41,31,326
1177,1099,2025-01-01,58,38,79
1178,1099,2025-02-01,91,56,114
1179,1099,2025-03-01,49,58,105
1180,1099,2025-04-01,74,69,110
1181,1099,2025-05-01,24,27,107
1182,1099,2025-06-01,97,45,159
1183,1099,2025-07-01,67,39,187
1184,1099,2025-08-01,89,48,228
1185,1099,2025-09-01,92,62,258
1186,1099,2025-10-01,62,28,292
1187,1099,2025-11-01,72,49,315
1188,1099,2025-12-01,82,9,388
1189,1100,2025-01-01,27,49,228
1190,1100,2025-02-01,72,22,278
1191,1100,2025-03-01,87,42,323
1192,1100,2025-04-01,56,29,350
1193,1100,2025-05-01,38,9,379
1194,1100,2025-06-01,89,16,452
1195,1100,2025-07-01,31,59,424
1196,1100,2025-08-01,25,57,392
1197,1100,2025-09-01,42,36,398
1198,1100,2025-10-01,92,46,444
1199,1100,2025-11-01,75,16,503
1200,1100,2025-12-01,44,53,494
