return_id,order_item_id,quantity_returned,return_reason,refund_amount,return_date
1,463,1,Changed Mind,4322.5,2026-04-01
2,8955,1,Quality Issue,950.0,2025-07-13
3,6944,1,Wrong Item,5747.5,2025-03-19
4,7304,2,Damaged,5100.0,2026-08-14
5,3094,1,Damaged,58800.0,2025-04-16
6,7295,2,Damaged,9400.0,2025-07-09
7,5790,1,Wrong Item,19300.0,2026-05-31
8,43,1,Damaged,4100.0,2025-10-25
9,7706,2,Damaged,6390.0,2025-03-31
10,8095,1,Damaged,4750.0,2025-06-01
11,1355,1,Size Issue,5250.0,2026-09-19
12,6040,1,Damaged,55860.0,2025-07-07
13,1970,1,Damaged,1950.0,2025-03-11
14,5434,2,Damaged,8170.0,2026-09-29
15,3133,1,Damaged,1450.0,2026-05-26
16,1897,1,Size Issue,855.0,2026-03-29
17,1040,1,Changed Mind,2400.0,2025-05-16
18,3781,1,Size Issue,37800.0,2025-12-18
19,4047,1,Damaged,2000.0,2026-06-05
20,6564,1,Size Issue,2150.0,2026-04-13
21,6520,1,Changed Mind,16387.5,2026-07-22
22,7257,1,Quality Issue,2800.0,2025-07-11
23,1101,1,Quality Issue,3400.0,2026-07-17
24,8385,1,Quality Issue,1755.0,2026-04-28
25,4121,1,Size Issue,2750.0,2026-03-11
26,1206,1,Changed Mind,1600.0,2025-05-02
27,6727,1,Damaged,3250.0,2025-09-17
28,7705,2,Damaged,4845.0,2025-03-28
29,2980,1,Size Issue,1377.5,2026-08-18
30,7250,1,Wrong Item,11100.0,2026-01-11
31,3919,1,Quality Issue,5050.0,2026-01-31
32,9079,3,Changed Mind,750.0,2026-09-26
33,330,1,Wrong Item,23750.0,2026-09-02
34,3458,1,Quality Issue,1650.0,2025-11-10
35,3064,1,Size Issue,1700.0,2025-06-23
36,7544,1,Damaged,807.5,2025-06-30
37,1654,1,Wrong Item,1000.0,2026-07-30
38,2547,1,Size Issue,45950.0,2026-02-21
39,1374,1,Wrong Item,5355.0,2026-05-11
40,6961,2,Changed Mind,75600.0,2025-06-15
41,8073,1,Changed Mind,570.0,2026-08-27
42,7583,1,Quality Issue,5652.5,2025-11-19
43,8244,1,Damaged,1125.0,2025-09-06
44,172,1,Damaged,4797.5,2026-07-02
45,3160,1,Wrong Item,1755.0,2025-06-27
46,6981,1,Size Issue,18335.0,2026-04-02
47,9033,1,Size Issue,37450.0,2025-07-07
48,1637,1,Wrong Item,5355.0,2025-11-19
49,3187,1,Size Issue,9785.0,2025-10-18
50,4572,1,Size Issue,1050.0,2025-11-12
51,2682,1,Wrong Item,2350.0,2025-09-12
52,3179,2,Quality Issue,2500.0,2025-06-16
53,7241,2,Damaged,8840.0,2025-03-30
54,944,1,Size Issue,5250.0,2026-08-19
55,1111,1,Wrong Item,1755.0,2026-03-27
56,4711,2,Quality Issue,4200.0,2025-07-15
57,2941,1,Size Issue,34020.0,2025-12-29
58,757,2,Size Issue,10620.0,2026-01-02
59,3756,1,Changed Mind,3850.0,2026-06-05
60,1515,1,Damaged,2450.0,2025-02-05
61,1848,2,Changed Mind,13500.0,2026-04-27
62,3503,2,Size Issue,12825.0,2025-04-06
63,168,3,Size Issue,7500.0,2025-03-13
64,2691,2,Size Issue,6545.0,2025-01-29
65,3413,2,Quality Issue,5220.0,2026-04-09
66,2015,1,Size Issue,54700.0,2026-02-04
67,4737,1,Damaged,750.0,2025-04-28
68,6428,1,Changed Mind,600.0,2026-03-12
69,6792,1,Size Issue,3087.5,2026-08-09
70,8239,1,Quality Issue,900.0,2026-01-24
71,2322,1,Changed Mind,4500.0,2026-05-30
72,5187,1,Quality Issue,1852.5,2026-07-02
73,5292,2,Wrong Item,92400.0,2025-03-04
74,899,1,Wrong Item,3850.0,2026-09-26
75,5780,1,Size Issue,2337.5,2026-03-25
76,4204,1,Size Issue,1947.5,2025-04-30
77,5826,1,Damaged,1140.0,2026-01-03
78,5406,1,Quality Issue,55860.0,2025-06-21
79,1225,1,Wrong Item,1950.0,2025-05-31
80,5492,1,Wrong Item,250.0,2025-12-01
81,4830,1,Wrong Item,2150.0,2026-07-19
82,4568,2,Size Issue,500.0,2026-03-07
83,5230,1,Damaged,6255.0,2026-02-14
84,6838,1,Wrong Item,3690.0,2026-05-26
85,1544,1,Size Issue,990.0,2026-09-10
86,6151,1,Changed Mind,1450.0,2026-02-24
87,2093,1,Changed Mind,540.0,2026-10-14
88,3117,2,Changed Mind,4845.0,2026-08-20
89,4850,1,Size Issue,5100.0,2026-01-25
90,9041,1,Quality Issue,4275.0,2026-08-16
91,4767,2,Quality Issue,12100.0,2025-10-20
92,2646,1,Damaged,52920.0,2026-09-19
93,2404,1,Size Issue,1575.0,2026-10-07
94,1640,1,Changed Mind,4550.0,2025-11-22
95,4978,1,Quality Issue,585.0,2025-05-30
96,9084,1,Changed Mind,1950.0,2025-06-01
97,603,2,Changed Mind,6800.0,2025-04-02
98,1003,1,Changed Mind,3400.0,2025-02-17
99,1135,1,Changed Mind,69500.0,2025-03-31
100,5604,3,Wrong Item,6345.0,2025-05-13
101,5827,1,Damaged,10450.0,2025-06-01
102,4419,1,Wrong Item,500.0,2025-08-25
103,4799,1,Changed Mind,2115.0,2026-03-19
104,2945,2,Changed Mind,68040.0,2025-04-01
105,2258,1,Size Issue,600.0,2026-09-20
106,7927,1,Size Issue,5150.0,2026-04-11
107,6894,1,Size Issue,750.0,2026-08-09
108,6238,1,Changed Mind,1530.0,2025-07-10
109,5410,1,Changed Mind,2100.0,2026-06-25
110,5491,1,Quality Issue,37800.0,2025-04-17
111,5631,1,Damaged,58800.0,2025-10-03
112,7541,1,Wrong Item,3850.0,2025-06-24
113,8439,1,Changed Mind,1900.0,2025-02-08
114,2109,1,Damaged,1450.0,2026-07-29
115,4847,1,Size Issue,12550.0,2025-11-13
116,1575,1,Damaged,2100.0,2025-05-22
117,1077,1,Quality Issue,1662.5,2025-11-09
118,7425,1,Changed Mind,2050.0,2025-05-06
119,1131,1,Quality Issue,2350.0,2025-01-16
120,5335,2,Size Issue,7700.0,2026-03-05
121,7449,1,Changed Mind,1567.5,2025-05-17
122,1860,1,Wrong Item,3895.0,2025-05-28
123,932,1,Size Issue,4725.0,2025-03-01
124,1570,1,Quality Issue,997.5,2026-04-02
125,8846,1,Wrong Item,5310.0,2025-05-06
126,4773,2,Wrong Item,9500.0,2025-05-28
127,1706,1,Damaged,60450.0,2026-01-21
128,7576,1,Size Issue,902.5,2026-09-21
129,5973,1,Changed Mind,1450.0,2026-03-14
130,4053,1,Wrong Item,1650.0,2025-11-06
131,8794,1,Size Issue,2000.0,2025-01-14
132,3551,1,Size Issue,58182.5,2025-09-12
133,7342,1,Changed Mind,807.5,2025-11-23
134,5788,2,Damaged,5600.0,2026-02-19
135,2470,1,Quality Issue,1710.0,2026-04-08
136,284,2,Changed Mind,32775.0,2026-07-25
137,961,2,Damaged,36670.0,2025-08-29
138,8619,2,Changed Mind,8200.0,2025-03-18
139,1865,1,Changed Mind,2100.0,2026-05-14
140,3590,1,Wrong Item,997.5,2026-08-08
141,207,1,Damaged,3867.5,2026-05-04
142,8137,1,Size Issue,4550.0,2025-10-02
143,6171,2,Size Issue,71820.0,2025-05-31
144,84,1,Damaged,2802.5,2025-11-03
145,723,1,Wrong Item,500.0,2025-12-08
146,7770,1,Changed Mind,2295.0,2025-05-31
147,7464,1,Quality Issue,4322.5,2025-06-26
148,7358,2,Wrong Item,3230.0,2026-09-23
149,7933,2,Size Issue,1425.0,2025-12-18
150,7361,1,Size Issue,10300.0,2025-06-07
151,5260,1,Quality Issue,1450.0,2026-05-27
152,1592,1,Quality Issue,3230.0,2026-02-16
153,5886,1,Damaged,1450.0,2025-09-27
154,1309,1,Quality Issue,15525.0,2025-10-17
155,2615,1,Size Issue,1187.5,2025-04-08
156,7514,1,Damaged,900.0,2025-04-26
157,5467,1,Size Issue,66025.0,2026-05-18
158,1302,1,Wrong Item,2350.0,2026-05-31
159,3452,1,Size Issue,2280.0,2025-11-02
160,2410,1,Quality Issue,1450.0,2025-08-25
161,5095,2,Quality Issue,4900.0,2025-02-10
162,3,1,Changed Mind,2375.0,2026-08-29
163,2327,1,Changed Mind,675.0,2025-04-25
164,4501,1,Size Issue,3150.0,2025-12-15
165,690,1,Size Issue,1800.0,2025-04-15
166,5370,1,Size Issue,10300.0,2025-09-01
167,4563,1,Quality Issue,43652.5,2026-04-20
168,6196,1,Quality Issue,4300.0,2026-10-12
169,6853,1,Quality Issue,68450.0,2026-06-26
170,8051,1,Size Issue,2475.0,2025-10-31
171,7880,2,Damaged,10710.0,2025-05-24
172,6113,1,Size Issue,1657.5,2025-06-29
173,5,1,Damaged,1950.0,2025-11-16
174,8551,1,Size Issue,5950.0,2025-02-06
175,148,1,Wrong Item,6255.0,2025-01-22
176,2544,1,Quality Issue,10450.0,2025-01-27
177,1221,2,Changed Mind,3200.0,2025-03-26
178,7631,1,Damaged,31150.0,2026-04-23
179,5880,1,Changed Mind,2800.0,2026-06-26
180,8402,2,Quality Issue,8075.0,2025-09-01
181,138,1,Changed Mind,4700.0,2025-05-30
182,7084,1,Damaged,900.0,2026-06-24
183,3896,1,Damaged,33705.0,2025-03-08
184,6986,1,Size Issue,675.0,2025-09-13
185,4276,1,Size Issue,6050.0,2026-01-22
186,8641,2,Quality Issue,2900.0,2025-05-03
187,4106,2,Damaged,4590.0,2025-05-27
188,2176,1,Changed Mind,3650.0,2025-06-28
189,8790,1,Size Issue,1950.0,2026-06-28
190,4459,1,Damaged,1530.0,2026-01-16
191,1986,1,Damaged,5900.0,2026-07-18
192,2354,1,Size Issue,4892.5,2025-03-26
193,4449,1,Size Issue,4635.0,2026-07-19
194,7832,2,Damaged,900.0,2026-08-26
195,5077,2,Size Issue,75600.0,2025-02-21
196,3501,1,Damaged,5050.0,2026-08-20
197,7266,1,Size Issue,855.0,2025-01-13
198,8340,1,Size Issue,35577.5,2026-08-27
199,7916,1,Changed Mind,1440.0,2025-08-22
200,1513,1,Changed Mind,2050.0,2025-02-15
201,4127,1,Changed Mind,1950.0,2026-02-11
202,6096,1,Quality Issue,2115.0,2026-04-16
203,73,1,Size Issue,2232.5,2025-08-14
204,1338,1,Damaged,5000.0,2025-04-16
205,6421,1,Wrong Item,1900.0,2025-06-17
206,1586,1,Quality Issue,1000.0,2025-02-20
207,6823,1,Changed Mind,1140.0,2025-05-25
208,4975,1,Wrong Item,2375.0,2025-10-14
209,3205,1,Damaged,450.0,2025-02-23
210,6327,1,Wrong Item,45950.0,2025-07-26
211,6373,3,Changed Mind,2250.0,2026-07-01
212,393,2,Damaged,3705.0,2026-01-28
213,4780,1,Wrong Item,617.5,2025-05-07
214,5228,1,Wrong Item,1377.5,2026-06-17
215,3028,1,Quality Issue,1845.0,2026-09-01
216,1157,1,Size Issue,4590.0,2026-01-09
217,3361,1,Quality Issue,6950.0,2025-02-10
218,5649,1,Wrong Item,2050.0,2025-04-20
219,6348,1,Wrong Item,35910.0,2026-09-13
220,8145,1,Size Issue,2167.5,2025-07-07
221,1133,1,Size Issue,570.0,2025-01-17
222,2096,1,Wrong Item,2700.0,2025-02-03
223,5267,1,Quality Issue,250.0,2026-07-06
224,2222,1,Changed Mind,3250.0,2025-06-20
225,4129,1,Damaged,1950.0,2026-01-24
226,6046,1,Quality Issue,41580.0,2025-05-12
227,2183,1,Quality Issue,5000.0,2025-08-31
228,3167,1,Size Issue,900.0,2026-03-16
229,7270,1,Quality Issue,1000.0,2026-04-07
230,5975,1,Changed Mind,4892.5,2025-04-17
231,2026,1,Damaged,900.0,2026-10-02
232,8227,1,Size Issue,1800.0,2026-08-30
233,8306,1,Wrong Item,945.0,2025-05-29
234,3701,1,Changed Mind,3850.0,2025-06-01
235,4740,1,Damaged,2050.0,2025-04-26
236,3729,1,Damaged,65027.5,2026-01-15
237,8440,1,Wrong Item,1852.5,2026-09-22
238,3491,1,Size Issue,1140.0,2025-02-16
239,312,1,Damaged,4845.0,2025-10-23
240,1151,1,Quality Issue,1710.0,2025-02-04
241,6137,2,Quality Issue,92400.0,2025-10-08
242,4746,1,Changed Mind,2350.0,2026-06-29
243,2672,1,Size Issue,4100.0,2025-11-20
244,3359,1,Damaged,450.0,2025-10-18
245,6865,1,Quality Issue,9270.0,2026-04-01
246,1599,1,Changed Mind,2000.0,2025-01-18
247,6996,1,Changed Mind,1450.0,2025-12-19
248,2037,2,Damaged,5000.0,2026-06-19
249,3107,1,Size Issue,4545.0,2026-09-05
250,1884,1,Damaged,2295.0,2025-02-14
251,2170,1,Size Issue,37800.0,2026-08-15
252,5474,1,Size Issue,5900.0,2026-05-11
253,7396,1,Size Issue,4300.0,2025-03-03
254,3904,1,Damaged,68450.0,2026-02-06
255,4565,1,Wrong Item,3657.5,2025-10-12
256,6770,1,Wrong Item,4450.0,2026-01-21
257,6431,1,Size Issue,1700.0,2026-03-30
258,7632,1,Damaged,37800.0,2026-04-29
259,6265,1,Changed Mind,8730.0,2026-07-23
260,1756,1,Size Issue,2350.0,2026-03-26
261,5791,1,Wrong Item,2422.5,2026-05-24
262,7891,1,Quality Issue,3230.0,2025-03-11
263,2525,1,Size Issue,1657.5,2025-11-01
264,4546,1,Damaged,46495.0,2026-07-20
265,6610,1,Size Issue,3657.5,2026-01-22
266,5400,2,Damaged,136900.0,2025-10-24
267,2205,1,Damaged,1742.5,2026-06-11
268,8866,2,Size Issue,4590.0,2025-02-01
269,2066,1,Wrong Item,4227.5,2025-06-10
270,6459,1,Quality Issue,1050.0,2025-02-02
271,5217,1,Damaged,3657.5,2025-05-11
272,4039,2,Size Issue,5000.0,2025-04-20
273,4897,1,Damaged,1710.0,2025-08-02
274,8973,1,Quality Issue,1852.5,2026-09-11
275,2463,1,Size Issue,63300.0,2025-02-02
276,3609,1,Quality Issue,475.0,2026-05-15
277,5848,2,Quality Issue,8600.0,2025-10-17
278,8206,1,Size Issue,990.0,2026-02-03
279,6133,1,Damaged,3690.0,2026-06-14
280,5993,1,Changed Mind,450.0,2026-06-17
281,8171,1,Quality Issue,2375.0,2026-03-18
282,4179,1,Size Issue,6750.0,2025-11-04
283,5213,1,Quality Issue,2565.0,2025-06-13
284,5355,1,Wrong Item,55860.0,2026-07-01
285,4636,1,Changed Mind,29592.5,2026-06-01
286,8801,1,Size Issue,3250.0,2026-08-27
287,7261,1,Wrong Item,250.0,2025-09-29
288,8347,1,Size Issue,2450.0,2026-03-18
289,8398,1,Size Issue,1852.5,2025-08-19
290,4714,1,Damaged,1890.0,2025-07-24
291,937,2,Damaged,3990.0,2025-09-28
292,8029,1,Size Issue,6255.0,2025-05-26
293,2445,1,Quality Issue,46200.0,2025-07-29
294,522,1,Damaged,10450.0,2025-09-09
295,8442,1,Quality Issue,2100.0,2025-12-08
296,3354,1,Quality Issue,6950.0,2026-08-10
297,8483,1,Changed Mind,1650.0,2026-07-28
298,5735,2,Damaged,12150.0,2026-09-02
299,8006,1,Wrong Item,8882.5,2026-06-19
300,4081,1,Size Issue,37450.0,2025-03-24
301,1448,1,Size Issue,250.0,2026-03-15
302,7273,1,Damaged,6222.5,2026-06-14
303,255,1,Quality Issue,2500.0,2026-08-04
304,8280,1,Quality Issue,4085.0,2026-07-29
305,4516,1,Quality Issue,750.0,2025-12-04
306,5745,2,Quality Issue,1300.0,2025-08-17
307,6346,1,Damaged,4550.0,2025-03-22
308,7290,1,Changed Mind,1950.0,2025-11-30
309,1753,1,Size Issue,2750.0,2025-10-09
310,6965,1,Size Issue,4940.0,2025-04-12
311,7841,1,Size Issue,10450.0,2026-10-03
312,3594,1,Size Issue,5400.0,2026-08-17
313,1464,1,Damaged,2450.0,2025-05-25
314,4696,1,Quality Issue,1665.0,2026-09-04
315,1805,1,Damaged,10667.5,2025-08-01
316,3511,1,Quality Issue,2900.0,2026-04-02
317,3624,1,Changed Mind,51382.5,2026-02-06
318,8806,2,Quality Issue,20900.0,2026-04-25
319,6535,3,Quality Issue,1890.0,2025-06-14
320,628,1,Size Issue,2700.0,2025-05-29
321,6808,1,Damaged,4512.5,2025-10-20
322,5594,1,Size Issue,1950.0,2026-06-10
323,1557,1,Quality Issue,4892.5,2025-07-15
324,6917,2,Damaged,11790.0,2026-01-19
325,845,1,Wrong Item,1750.0,2026-01-06
326,6120,1,Quality Issue,2100.0,2025-10-05
327,4040,1,Wrong Item,1000.0,2025-09-09
328,955,2,Quality Issue,139000.0,2026-01-09
329,7160,1,Damaged,2100.0,2026-02-07
330,700,1,Damaged,5100.0,2026-05-30
331,4212,1,Size Issue,2450.0,2025-05-01
332,1800,3,Wrong Item,7200.0,2026-08-10
333,6353,1,Size Issue,69500.0,2025-10-03
334,761,1,Changed Mind,11922.5,2025-07-29
335,2896,1,Changed Mind,43652.5,2025-04-27
336,6191,1,Size Issue,1650.0,2026-07-12
337,905,1,Wrong Item,1997.5,2025-09-02
338,2244,1,Quality Issue,3850.0,2026-02-21
339,3471,1,Wrong Item,1700.0,2025-11-06
340,3202,1,Size Issue,4545.0,2025-11-05
341,5850,2,Size Issue,103930.0,2025-10-02
342,2869,1,Damaged,3850.0,2025-12-04
343,7516,1,Damaged,62550.0,2025-04-28
344,1236,1,Damaged,4465.0,2025-06-18
345,3732,1,Size Issue,1950.0,2025-11-27
346,5299,1,Size Issue,33705.0,2025-09-27
347,4260,1,Changed Mind,1757.5,2026-02-02
348,5969,2,Wrong Item,3060.0,2026-04-06
349,8781,1,Damaged,4300.0,2025-01-22
350,2692,1,Size Issue,700.0,2025-10-16
351,6310,2,Wrong Item,9400.0,2026-10-05
352,7746,1,Damaged,5000.0,2025-11-24
353,8224,2,Size Issue,20500.0,2025-09-04
354,1332,1,Damaged,1750.0,2025-09-14
355,3351,1,Quality Issue,700.0,2026-10-01
356,3870,1,Size Issue,1800.0,2026-03-16
357,1892,1,Size Issue,9225.0,2025-07-12
358,4254,1,Size Issue,3087.5,2026-02-16
359,3867,1,Quality Issue,3400.0,2026-06-02
360,1960,1,Size Issue,2550.0,2025-01-30
361,6570,1,Size Issue,2900.0,2025-07-06
362,5145,1,Wrong Item,2375.0,2026-09-10
363,8784,1,Damaged,675.0,2026-07-12
364,5957,1,Quality Issue,2660.0,2026-02-09
365,823,1,Quality Issue,902.5,2026-08-31
366,6825,1,Size Issue,500.0,2025-12-06
367,6731,2,Changed Mind,4655.0,2025-12-26
368,6673,1,Damaged,4590.0,2025-06-24
369,1160,1,Quality Issue,5050.0,2025-02-16
370,4789,1,Wrong Item,4300.0,2026-08-07
371,1380,1,Quality Issue,68450.0,2026-08-22
372,4230,1,Quality Issue,1755.0,2025-06-21
373,5760,1,Size Issue,1755.0,2025-10-22
374,5757,1,Size Issue,712.5,2025-01-30
375,6002,1,Wrong Item,2900.0,2025-10-29
376,1366,1,Size Issue,4750.0,2025-03-29
377,1810,2,Quality Issue,4860.0,2025-08-07
378,8575,1,Size Issue,9270.0,2026-09-26
379,180,1,Damaged,500.0,2026-02-25
380,241,2,Wrong Item,13500.0,2026-08-21
381,8828,1,Quality Issue,1900.0,2026-09-29
382,1204,1,Quality Issue,8245.0,2026-01-11
383,2370,1,Quality Issue,5950.0,2026-09-20
384,410,1,Quality Issue,1305.0,2026-03-04
385,3991,1,Quality Issue,2520.0,2026-01-24
386,1405,3,Quality Issue,11100.0,2025-01-20
387,6375,2,Size Issue,6175.0,2026-06-16
388,713,1,Damaged,1995.0,2025-05-02
389,2247,1,Quality Issue,1755.0,2025-11-12
390,7795,1,Quality Issue,5200.0,2025-04-21
391,9094,1,Wrong Item,5445.0,2026-03-19
392,417,1,Damaged,3230.0,2026-03-28
393,8751,1,Size Issue,8755.0,2026-04-27
394,5814,1,Wrong Item,4300.0,2025-02-05
395,3588,2,Damaged,3060.0,2025-07-04
396,5644,1,Changed Mind,9990.0,2025-04-28
397,4917,1,Damaged,1995.0,2026-01-12
398,1239,1,Size Issue,250.0,2026-08-19
399,1957,2,Quality Issue,4900.0,2026-01-04
400,6095,1,Quality Issue,1305.0,2026-04-16
401,580,1,Quality Issue,1800.0,2025-03-23
402,820,2,Size Issue,4320.0,2026-08-28
403,7526,1,Size Issue,5950.0,2026-02-19
404,4343,1,Wrong Item,5900.0,2026-05-03
405,4054,1,Size Issue,10450.0,2026-09-20
406,4707,1,Wrong Item,10450.0,2025-05-20
407,6864,1,Quality Issue,600.0,2025-06-10
408,3163,1,Changed Mind,2612.5,2025-06-19
409,120,2,Size Issue,3610.0,2025-08-08
410,5749,1,Wrong Item,1950.0,2025-02-10
411,9036,1,Changed Mind,2280.0,2025-07-21
412,4318,1,Wrong Item,5057.5,2026-06-29
413,6595,2,Size Issue,5400.0,2025-05-06
414,5586,1,Damaged,3195.0,2026-01-21
415,8432,1,Damaged,9700.0,2026-02-14
416,3371,1,Size Issue,1785.0,2026-01-16
417,8350,1,Quality Issue,1600.0,2025-06-09
418,3559,1,Quality Issue,3145.0,2025-10-29
419,3486,1,Damaged,1250.0,2025-07-26
420,4654,1,Wrong Item,5747.5,2025-02-05
421,7518,1,Quality Issue,1487.5,2025-09-11
422,7620,1,Damaged,4227.5,2026-07-10
423,5373,1,Quality Issue,2660.0,2026-09-16
424,3524,1,Size Issue,3700.0,2025-07-24
425,6390,1,Size Issue,4750.0,2025-02-24
426,1747,1,Size Issue,1900.0,2025-01-14
427,6813,1,Wrong Item,6602.5,2026-06-12
428,8522,1,Size Issue,665.0,2025-08-09
429,4812,2,Size Issue,3780.0,2026-08-08
430,8166,1,Wrong Item,2890.0,2025-01-13
431,5951,1,Damaged,9700.0,2026-07-26
432,2926,1,Changed Mind,63300.0,2025-10-15
433,3912,1,Changed Mind,2612.5,2025-11-13
434,990,1,Wrong Item,600.0,2026-10-08
435,7621,1,Damaged,5250.0,2025-11-18
436,5062,1,Damaged,750.0,2025-12-26
437,895,1,Size Issue,450.0,2025-10-06
438,8150,1,Size Issue,4300.0,2026-03-28
439,4494,1,Quality Issue,3850.0,2025-06-03
440,5031,1,Size Issue,3700.0,2026-04-17
441,8686,1,Quality Issue,46200.0,2025-07-14
442,5575,1,Size Issue,3195.0,2025-03-12
443,126,1,Changed Mind,3150.0,2025-10-28
444,1600,1,Size Issue,4750.0,2026-04-05
445,1866,1,Quality Issue,1140.0,2026-05-20
446,7587,1,Changed Mind,2160.0,2025-12-09
447,8369,1,Size Issue,45950.0,2025-05-04
448,3973,1,Size Issue,425.0,2026-04-03
449,2934,1,Damaged,475.0,2026-05-28
450,1623,1,Changed Mind,4100.0,2026-05-12
451,7898,3,Size Issue,29782.5,2025-09-16
452,2012,1,Quality Issue,5900.0,2026-02-13
453,4206,1,Size Issue,10545.0,2025-05-13
454,5770,1,Size Issue,3230.0,2026-04-20
455,3858,1,Damaged,9270.0,2025-10-02
456,2728,1,Quality Issue,5250.0,2025-04-30
457,2485,1,Damaged,6000.0,2026-06-12
458,5543,1,Damaged,2375.0,2025-03-14
459,5029,1,Damaged,1485.0,2026-04-26
460,7423,1,Size Issue,1530.0,2026-02-21
461,431,1,Damaged,4940.0,2025-11-09
462,4589,2,Size Issue,1800.0,2025-06-19
463,2268,1,Size Issue,1997.5,2025-12-22
464,3097,1,Size Issue,41900.0,2026-08-19
465,3352,1,Quality Issue,3195.0,2026-10-01
466,2631,2,Changed Mind,17460.0,2025-05-06
467,90,1,Size Issue,5900.0,2025-12-11
468,7538,1,Damaged,900.0,2025-02-04
469,6721,1,Damaged,595.0,2026-07-16
470,2452,1,Size Issue,6000.0,2025-02-16
471,6065,3,Quality Issue,124065.0,2026-03-08
472,1391,1,Size Issue,25000.0,2026-04-19
473,5461,1,Changed Mind,500.0,2026-01-26
474,5011,1,Damaged,2422.5,2025-10-16
475,3718,1,Changed Mind,1140.0,2025-03-20
476,3159,1,Quality Issue,4550.0,2026-07-12
477,3882,1,Size Issue,650.0,2026-09-20
478,8676,1,Damaged,1900.0,2025-04-22
479,4585,1,Size Issue,945.0,2025-06-27
480,5048,1,Damaged,900.0,2025-07-17
481,2911,1,Wrong Item,2280.0,2026-01-12
482,8593,3,Damaged,3750.0,2026-09-07
483,1407,1,Size Issue,4300.0,2025-01-19
484,4035,1,Size Issue,4300.0,2025-04-07
485,2982,1,Size Issue,9225.0,2025-03-26
486,5368,1,Size Issue,3515.0,2025-12-10
487,8837,1,Size Issue,3700.0,2026-01-16
488,3010,1,Damaged,1805.0,2026-08-16
489,3906,1,Wrong Item,1045.0,2026-02-10
490,3766,1,Damaged,1062.5,2025-12-05
491,2760,1,Size Issue,3250.0,2026-07-22
492,3761,1,Damaged,1950.0,2026-09-17
493,4510,1,Size Issue,1757.5,2025-09-19
494,3206,1,Quality Issue,2475.0,2025-02-16
495,7065,1,Quality Issue,250.0,2026-03-05
496,6331,1,Damaged,2800.0,2026-08-19
497,2883,1,Quality Issue,11100.0,2026-05-20
498,2007,1,Changed Mind,10300.0,2025-10-19
499,6931,1,Size Issue,35910.0,2026-08-03
500,8627,1,Damaged,4230.0,2026-04-04
501,2122,1,Size Issue,4300.0,2026-06-15
502,1196,1,Changed Mind,950.0,2026-07-18
503,1909,2,Wrong Item,5015.0,2026-01-05
504,2006,1,Quality Issue,2800.0,2025-04-30
505,9078,1,Damaged,60135.0,2026-09-22
506,2036,1,Size Issue,9927.5,2026-06-28
507,8393,2,Wrong Item,3900.0,2025-05-21
508,3310,1,Changed Mind,4845.0,2025-10-21
509,3818,1,Damaged,1950.0,2025-07-30
510,8160,1,Quality Issue,1995.0,2026-03-30
511,4676,1,Damaged,2232.5,2026-08-26
512,2684,1,Changed Mind,4100.0,2026-03-27
513,5599,1,Wrong Item,3690.0,2025-09-06
514,8381,1,Size Issue,1852.5,2025-01-27
515,2362,1,Size Issue,1567.5,2025-10-08
516,7029,1,Quality Issue,1750.0,2026-01-05
517,536,1,Quality Issue,5355.0,2025-12-21
518,8086,1,Quality Issue,570.0,2026-03-28
519,402,1,Damaged,4322.5,2025-08-12
520,2628,1,Wrong Item,902.5,2026-06-03
521,1056,1,Quality Issue,2950.0,2026-04-05
522,2449,2,Damaged,10400.0,2025-07-22
523,7556,1,Quality Issue,1950.0,2025-05-25
524,5764,1,Size Issue,10545.0,2025-01-22
525,2245,1,Quality Issue,57427.5,2025-11-01
526,1674,1,Quality Issue,1045.0,2025-10-06
527,529,1,Size Issue,4300.0,2025-02-24
528,3240,1,Damaged,4550.0,2026-01-29
529,7974,1,Size Issue,750.0,2025-03-31
530,8013,1,Size Issue,6222.5,2025-09-03
531,2650,1,Size Issue,68450.0,2025-01-28
532,859,1,Wrong Item,6050.0,2025-08-02
533,1835,1,Size Issue,1757.5,2025-04-23
534,2412,1,Damaged,1890.0,2025-06-07
535,714,1,Wrong Item,2100.0,2025-05-05
536,3402,1,Size Issue,4465.0,2026-01-29
537,7224,1,Size Issue,650.0,2025-12-21
538,1042,2,Wrong Item,4200.0,2025-07-23
539,164,1,Damaged,1800.0,2026-02-21
540,4136,1,Wrong Item,712.5,2026-02-26
541,4122,1,Changed Mind,450.0,2025-08-25
542,303,1,Size Issue,43652.5,2025-07-19
543,1912,1,Wrong Item,1995.0,2025-06-02
544,5246,1,Damaged,6950.0,2025-07-05
545,2931,1,Size Issue,5445.0,2025-02-22
546,2657,1,Quality Issue,1530.0,2026-01-14
547,7763,1,Damaged,2660.0,2025-04-29
548,7068,1,Size Issue,1805.0,2026-09-11
549,4603,1,Changed Mind,2400.0,2026-04-15
550,1671,1,Damaged,10300.0,2026-08-18
551,8830,1,Quality Issue,1800.0,2025-07-02
552,6941,1,Changed Mind,1377.5,2025-11-27
553,6957,1,Wrong Item,9405.0,2025-12-09
554,407,1,Changed Mind,3850.0,2025-01-27
555,2364,1,Quality Issue,11295.0,2026-01-26
556,715,1,Damaged,3195.0,2025-05-12
557,1215,1,Size Issue,9990.0,2026-03-23
558,8325,1,Size Issue,5950.0,2026-01-24
559,7174,1,Wrong Item,5445.0,2025-05-08
560,8503,1,Quality Issue,1615.0,2025-03-16
561,4528,2,Size Issue,3230.0,2025-08-03
562,311,1,Damaged,5000.0,2025-06-09
563,3110,2,Size Issue,2280.0,2026-03-12
564,6451,1,Size Issue,3850.0,2025-02-15
565,8900,1,Size Issue,4680.0,2026-09-07
566,8420,1,Wrong Item,6000.0,2026-04-13
567,688,1,Quality Issue,1140.0,2025-09-15
568,2606,1,Quality Issue,5100.0,2026-02-07
569,647,1,Damaged,2100.0,2025-02-27
570,6014,2,Damaged,19475.0,2026-07-16
571,6104,2,Damaged,5850.0,2025-04-27
572,8417,1,Damaged,1187.5,2026-06-15
573,8927,2,Damaged,5800.0,2025-10-18
574,8262,1,Changed Mind,650.0,2025-02-21
575,4931,2,Size Issue,7315.0,2026-04-06
576,4709,1,Size Issue,4230.0,2026-06-27
577,3806,2,Size Issue,1300.0,2025-05-29
578,2075,2,Quality Issue,117600.0,2026-01-09
579,5302,1,Quality Issue,4635.0,2026-04-28
580,24,1,Quality Issue,1450.0,2026-04-22
581,4798,1,Size Issue,650.0,2026-03-14
582,4863,1,Quality Issue,4892.5,2025-10-07
583,2885,1,Wrong Item,1200.0,2025-11-12
584,5835,1,Wrong Item,2050.0,2025-12-07
585,4909,2,Wrong Item,5100.0,2025-02-07
586,7781,1,Damaged,475.0,2026-01-03
587,5075,1,Quality Issue,237.5,2025-04-10
588,2206,1,Changed Mind,807.5,2026-06-10
589,290,1,Wrong Item,2422.5,2025-02-04
590,378,1,Size Issue,2100.0,2025-05-20
591,5960,1,Size Issue,990.0,2026-03-01
592,7611,1,Size Issue,2800.0,2026-07-29
593,798,1,Size Issue,2450.0,2025-05-18
594,8287,1,Size Issue,6000.0,2026-09-16
595,1540,1,Size Issue,51965.0,2026-05-20
596,966,1,Damaged,675.0,2026-04-03
597,8692,2,Quality Issue,4200.0,2025-06-30
598,4681,1,Quality Issue,5567.5,2025-03-27
599,3268,1,Size Issue,665.0,2026-08-10
600,7021,1,Quality Issue,3250.0,2026-02-25
601,3332,1,Size Issue,6050.0,2025-09-19
602,2480,1,Quality Issue,1805.0,2026-09-02
603,6518,1,Damaged,2150.0,2025-01-27
604,408,2,Damaged,120900.0,2025-01-26
605,2570,2,Damaged,4230.0,2025-06-22
606,6336,1,Damaged,12550.0,2026-06-10
607,8183,1,Wrong Item,5652.5,2025-06-20
608,2507,1,Changed Mind,1650.0,2025-07-11
609,2975,2,Damaged,9100.0,2025-03-01
610,4607,1,Size Issue,4700.0,2026-07-13
611,5198,1,Changed Mind,4750.0,2026-08-15
612,8193,1,Changed Mind,2900.0,2026-08-28
613,1956,1,Size Issue,5142.5,2025-12-30
614,1419,1,Damaged,5000.0,2025-06-18
615,2848,1,Quality Issue,2327.5,2025-10-14
616,8542,2,Damaged,3315.0,2025-08-07
617,4193,1,Size Issue,1900.0,2025-09-18
618,2864,1,Quality Issue,2100.0,2026-08-25
619,7152,1,Size Issue,650.0,2025-08-03
620,8511,1,Quality Issue,5900.0,2026-07-12
621,5623,1,Size Issue,41900.0,2025-11-14
622,7158,1,Size Issue,1700.0,2026-08-10
623,8947,1,Wrong Item,9737.5,2026-07-31
624,764,2,Changed Mind,12825.0,2026-08-20
625,3011,1,Wrong Item,212.5,2026-08-29
626,8679,1,Size Issue,1657.5,2026-03-03
627,7362,1,Damaged,1935.0,2025-06-12
628,813,1,Quality Issue,500.0,2025-03-20
629,5807,1,Wrong Item,3230.0,2025-08-27
630,7803,1,Quality Issue,25000.0,2026-02-02
631,2106,1,Changed Mind,2350.0,2025-06-14
632,1451,1,Size Issue,1450.0,2026-09-16
633,1529,1,Size Issue,600.0,2025-04-11
634,8662,1,Size Issue,3150.0,2026-06-26
635,1299,2,Quality Issue,6120.0,2026-02-12
636,8819,1,Damaged,902.5,2026-02-08
637,7738,1,Quality Issue,3657.5,2026-08-18
638,4116,1,Quality Issue,35577.5,2025-05-25
639,8248,1,Size Issue,5700.0,2025-07-31
640,7665,1,Damaged,4892.5,2026-06-02
641,3998,1,Size Issue,2000.0,2025-08-29
642,5552,1,Changed Mind,2100.0,2025-08-18
643,2174,1,Wrong Item,3850.0,2025-08-09
644,4186,1,Quality Issue,35577.5,2026-05-29
645,66,1,Changed Mind,1650.0,2026-07-12
646,2175,1,Changed Mind,4750.0,2026-09-27
647,6107,2,Damaged,9690.0,2025-01-22
648,4692,2,Wrong Item,2900.0,2025-02-25
649,6461,1,Wrong Item,45950.0,2026-04-08
650,5983,1,Changed Mind,5250.0,2025-09-19
